uuid	hubmap_id	status	is_protected	data_type	group_name	number_of_uuids
02e13b9b3cdc939cca397c42c2981dd1	HBM362.DLZS.564	Published	False	AF	Vanderbilt TMC	
46ed471a6b4ad5b97817ff2c26ef6ddd	HBM873.FRQB.759	Published	False	AF	Vanderbilt TMC	
57299edf509b218aa9b4c4a2e1d979bd	HBM535.QCJS.935	Published	False	AF	Vanderbilt TMC	
109162ed40ede274202eab96bf640fa4	HBM739.JSGQ.673	Published	False	AF	Vanderbilt TMC	
6a037ddcb811f77f726b9f78e5d369a2	HBM969.JXDC.887	Published	False	AF	Vanderbilt TMC	
5eb7d04d71566c53dfc9eb1c7346c68d	HBM882.DMQM.597	Published	False	AF	Vanderbilt TMC	
f54b458ca42f7112d0e0751c9ba41492	HBM298.JRGF.528	Published	False	AF	Vanderbilt TMC	
0a6f5c1afbcc31622eb34daf88c2c016	HBM529.NGCG.277	Published	False	AF	Vanderbilt TMC	
2d6c51fbd0916109550a708d485903b7	HBM659.BRHQ.223	Published	False	AF	Vanderbilt TMC	
9a519955a24cc30b7184177a5a89cecb	HBM947.CJRK.822	Published	False	AF	Vanderbilt TMC	
b529b1c59c2b8aa232105d3f8fe31c35	HBM887.KLQQ.878	Published	False	AF	Vanderbilt TMC	
d3e05111d84be552b98f5fe2b18e3054	HBM953.NRFF.685	Published	False	AF	Vanderbilt TMC	
3f42c9ebe348f7aca2419ce95f40ab79	HBM475.ZQFV.863	Published	False	AF	Vanderbilt TMC	
9ed95f2cf5c1b1a6af6250085d1aaf4a	HBM653.VSMF.765	Published	False	AF	Vanderbilt TMC	
2f9e91ff774243ef11d148a2bf7a6822	HBM268.FSPK.489	Published	False	AF	Vanderbilt TMC	
2bc6713576dda7c7e6378aec38df437d	HBM447.NXPZ.263	Published	False	AF	Vanderbilt TMC	
dc289471333309925e46ceb9bafafaf4	HBM279.SSXF.866	Published	False	AF	Vanderbilt TMC	
54ef9a03bc7abbedc60a261bf49e1119	HBM455.XGQZ.542	Published	False	AF	Vanderbilt TMC	
1dd9a68210ef57c390f90b06851877a4	HBM539.LXFQ.933	Published	False	AF	Vanderbilt TMC	
dbf8d98f22c3579d1dd3dfb9931cf714	HBM835.KPRS.372	Published	False	AF	Vanderbilt TMC	
9ba91ddddfb2be8f06fd11230da0bbb3	HBM653.KWZV.652	Published	False	AF	Vanderbilt TMC	
8b347e7307c4e76f0ce20700ac77d38d	HBM746.LMBD.255	Published	False	AF	Vanderbilt TMC	
4c04a73e87f0b5deb00d88d4cb20095d	HBM284.PMDZ.547	Published	False	AF	Vanderbilt TMC	
bf6ec5a47c32f43b6d01ea58fa4723ca	HBM788.QPJT.262	Published	False	AF	Vanderbilt TMC	
ac616d7b9149d279b29a5df3472486ac	HBM457.RCGR.399	Published	False	AF	Vanderbilt TMC	
584620d30b86098ece9b96edb407c786	HBM666.RKRD.836	Published	False	AF	Vanderbilt TMC	
7ede2efa49ae0dc50c9cb8afb276ebe4	HBM287.DWFS.254	Published	False	AF	Vanderbilt TMC	
8122e6bbb32d0561eade1136d320a561	HBM426.XXCX.729	Published	False	AF	Vanderbilt TMC	
a11fe9d14122d4254acfefc9bf9faae4	HBM592.JQRJ.946	Published	False	AF	Vanderbilt TMC	
38ba22b0a2bdace0d0dd7504cbe15aae	HBM632.MXJF.562	Published	False	AF	Vanderbilt TMC	
1accbd367bac01690a733c77460371a7	HBM372.RSXT.622	Published	False	AF	Vanderbilt TMC	
7aa0816fc26641fb86fe9a2e89a22625	HBM644.MDVT.295	Published	False	AF	Vanderbilt TMC	
379ec1e6f7f0633a62997136db2854a7	HBM974.JDVS.328	Published	False	AF	Vanderbilt TMC	
620e742ae8401461013804e8abf1a56a	HBM975.DJNJ.667	Published	True	ATACseq-bulk	Stanford TMC	
c2778cdd0a18e6f1ca755cbf65511aed	HBM733.SLXV.683	Published	True	ATACseq-bulk	Stanford TMC	
34d3a6eeb06ddc1681c788113e66d52d	HBM473.HNPK.434	Published	True	ATACseq-bulk	Stanford TMC	
4a69340c702774210d5452a6ae80f3c7	HBM782.XQRG.998	Published	True	ATACseq-bulk	Stanford TMC	
db0dc651c8b2a430a81b5c30d6fb6f7b	HBM726.DDNW.235	Published	True	ATACseq-bulk	Stanford TMC	
e7f28c44029ada6b1431354afeac61ff	HBM379.MLVH.522	Published	True	ATACseq-bulk	Stanford TMC	
4e1da648c2a1451edba33d991dc163ab	HBM563.PTWZ.467	Published	True	ATACseq-bulk	Stanford TMC	
bca3d31804ecc8be096d0b7691419335	HBM688.DRXP.369	Published	True	ATACseq-bulk	Stanford TMC	
2b953ab8e97583a74944238af28b55cc	HBM875.LBGV.674	Published	True	ATACseq-bulk	Stanford TMC	
805f8a7aa537be9024685d065136e619	HBM638.SQBD.338	Published	True	ATACseq-bulk	Stanford TMC	
3ce5e603c9f6187b2c8f16340924355d	HBM366.TWHT.638	Published	True	ATACseq-bulk	Stanford TMC	
56cd9eb9f27564c34bfe4eb843d9b969	HBM723.SFNS.898	Published	True	ATACseq-bulk	Stanford TMC	
ac1a2b21f3b25950bf340280a59b6ad4	HBM666.QBKB.629	Published	True	ATACseq-bulk	Stanford TMC	
dd353ca9ffc1ea3a6252c474363c7486	HBM323.JGNJ.947	Published	True	ATACseq-bulk	Stanford TMC	
2cab54a6f67dcab243e86053f83b3690	HBM283.XXQN.824	Published	True	ATACseq-bulk	Stanford TMC	
392ef2593e8cfcc9b1431a2614de3dbf	HBM422.GKTR.735	Published	True	ATACseq-bulk	Stanford TMC	
ec85791b4b73e76bf32bb40bad60fb50	HBM494.XDQW.356	Published	False	cell-dive	General Electric RTI	
c8c9873c9041b3bc3b75fb71f887e1c0	HBM674.XQFQ.364	Published	False	cell-dive	General Electric RTI	
fa238ec2a83302fb4af92442c3683a23	HBM975.FVCG.922	Published	False	cell-dive	General Electric RTI	
72b0dc83701c045d954b457baed40697	HBM747.SPWK.779	Published	False	cell-dive	General Electric RTI	
060dfa0fdf2b840864f62d2cd1a7a456	HBM732.FZVZ.656	Published	False	cell-dive	General Electric RTI	
59f249caa2fe225f030205c2abd86051	HBM398.NCVN.256	Published	False	cell-dive	General Electric RTI	
0ca0721ae67b78b5eed7c0ef20dc6ac1	HBM746.VTDZ.959	Published	False	cell-dive	General Electric RTI	
6c75548f017fe5891f2ddc91566565f0	HBM592.JGSQ.253	Published	False	cell-dive	General Electric RTI	
ce30489adeb0c18b028055b8b60707ca	HBM238.ZKPC.934	Published	False	cell-dive	General Electric RTI	
215f1050fc286dcc579edfd9c2494de1	HBM666.JCGS.862	Published	False	cell-dive	General Electric RTI	
c66552ff89678bf21e32e78d3f012a5c	HBM867.NMXL.794	Published	False	cell-dive	General Electric RTI	
65e850415322baad58626e3a228478dc	HBM875.SBHJ.939	Published	False	cell-dive	General Electric RTI	
8dd0ef5cafa3541cf9f0661db64662b7	HBM588.FHDS.363	Published	False	CODEX	University of Florida TMC	
a6ccc344f88a164766d1251053173009	HBM869.VZJM.366	Published	False	CODEX	University of Florida TMC	
0dc91e6484430c2db25b6765dd6aa565	HBM573.VSJK.526	Published	False	CODEX	University of Florida TMC	
afbd95090454842570908a76c80d1266	HBM548.TSMP.663	Published	False	CODEX	University of Florida TMC	
59f7fa785f9dbd46f45758e22454e912	HBM964.FPNH.767	Published	False	CODEX	Stanford TMC	
3de2804ec3219228758dba8382d33423	HBM825.PBVN.284	Published	False	CODEX	University of Florida TMC	
11b4f413984624557c2b1a4566b0d71a	HBM945.FSHR.864	Published	False	CODEX	Stanford TMC	
0a22e0b91026c2164b238ff0e735077b	HBM283.GNGR.785	Published	False	CODEX	University of Florida TMC	
5b8a17e92defe510fa91b3a97a728831	HBM462.JKCN.863	Published	False	CODEX	Stanford TMC	
4514230f7473a496201a4e45c4ff9568	HBM376.QCCJ.269	Published	False	CODEX	University of Florida TMC	
26191c2719339be0c3fa6dc8a7ba3550	HBM988.SNDW.698	Published	False	CODEX	Stanford TMC	
5dfaf57521ad6aa97aa64d8aba1f9d32	HBM597.QSZV.956	Published	False	CODEX	University of Florida TMC	
52ef1c33a11494b43d8979e0e6057caa	HBM683.NRPR.962	Published	False	CODEX	Stanford TMC	
efeae1a9895b88a4ccdbfa35dc98fdf2	HBM968.CJLB.479	Published	False	CODEX	University of Florida TMC	
4c0479bd703d8be3c2834dd1b6773b4c	HBM355.JDLK.244	Published	False	CODEX	University of Florida TMC	
ceeb65e769fd592cbc9caad267cbe4fe	HBM443.LGZK.435	Published	False	CODEX	Stanford TMC	
f0b1b074ed23ed654fcc41dc831080c5	HBM979.JTRM.429	Published	False	CODEX	University of Florida TMC	
077f7862f6306055899374c7807a30c3	HBM279.TQRS.775	Published	False	CODEX	University of Florida TMC	
4df8eb42549d6954d0b98b18cb92d9b6	HBM492.LXSS.627	Published	False	CODEX	University of Florida TMC	
f86b9efc87074bf03cd53932d8f1e76f	HBM288.XSQZ.633	Published	False	CODEX	University of Florida TMC	
62cf328e12477c27a6e47f936eb7324e	HBM747.CQKL.785	Published	False	CODEX	University of Florida TMC	
af721c3938f621be2222df891f2e2a37	HBM769.NBQL.534	Published	False	CODEX	University of Florida TMC	
00d1a3623dac388773bc7780fcb42797	HBM556.KSFB.592	Published	False	CODEX	University of Florida TMC	
654418415bed5ecb9596b17a0320a2c6	HBM568.NGPL.345	Published	False	CODEX	University of Florida TMC	
827794b6592c5370801b97de0d9e2e4b	HBM654.KTJK.968	Published	False	CODEX	University of Florida TMC	
cf85bc1516f68195c899e287a9cd678b	HBM866.TGNJ.847	Published	False	CODEX	University of Florida TMC	
1c33472c68c4fb40f531b39bf6310f2d	HBM834.ZFVJ.978	Published	False	CODEX	University of Florida TMC	
c3220fc4c60650b8a4bcbd35496a1c45	HBM457.JZFF.434	Published	False	CODEX	University of Florida TMC	
f9bb196bf1fe395b635731dbf523c6fa	HBM724.PJNC.827	Published	False	CODEX	University of Florida TMC	
699e1e0966bf3bc53e8a114eff9c75d0	HBM739.HCWP.359	Published	False	CODEX	Stanford TMC	
ec8f9880b5dda90c3c6017ba670097a9	HBM424.STVV.842	Published	False	CODEX	Stanford TMC	
053544cd63125fc25f6a71a8f444bafc	HBM757.VHCK.858	Published	False	CODEX	University of Florida TMC	
8ed33ab3d0bf77d7a955865c6949cb1c	HBM355.CZJX.599	Published	False	CODEX	University of Florida TMC	
d73a864f5ad6bdffdf148f43423e2a01	HBM772.XXCD.697	Published	False	CODEX	University of Florida TMC	
bec226690f40f11d0516487ba4ad289f	HBM374.DMXZ.352	Published	False	CODEX	University of Florida TMC	
2b57ac6fea7aa96d26d2685a297a4e7a	HBM342.FSLD.938	Published	False	CODEX	University of Florida TMC	
c95d9373d698faf60a66ffdc27499fe1	HBM754.WKLP.262	Published	False	CODEX	University of Florida TMC	
e69fb303e035192a0ee38a34e4b25024	HBM575.MTPD.997	Published	False	CODEX	University of Florida TMC	
3a4fb23a49fba2647dba2b8f57976d25	HBM666.RBCG.529	Published	False	CODEX	Stanford TMC	
a71a75ea60d91e89675b04c1728a5a48	HBM498.TCSV.345	Published	False	CODEX	University of Florida TMC	
98d54824c0eb9843865dfc3a53b4cff4	HBM334.QWFV.953	Published	False	CODEX	Stanford TMC	
3d14dcc3d7c3e0cd339c9366e34b37c7	HBM543.RSRV.265	Published	False	CODEX	University of Florida TMC	
153b0fe8575ff1a17768319ba6dbaa5c	HBM439.WJDV.974	Published	False	CODEX	Stanford TMC	
745514468a9ab6779a4c879e01ac8df2	HBM882.DBTR.869	Published	False	CODEX	University of Florida TMC	
5afac98d9f449f2169b505179dd96f0e	HBM394.VSKR.883	Published	False	CODEX	Stanford TMC	
5dcd80f33dd59321055f621791918516	HBM899.KTQM.246	Published	False	CODEX	Stanford TMC	
a0946b9a99b0940c5e9eb7587deafee5	HBM792.FFJT.499	Published	False	CODEX	Stanford TMC	
61e800af49715fa70ec90a7c53f3c389	HBM622.STKS.394	Published	False	CODEX	Stanford TMC	
61b3818a8c762a5708b275a714360608	HBM466.XSKL.867	Published	False	CODEX	Stanford TMC	
8704f735f701691de8ba8f88ebf01a77	HBM785.FJVT.469	Published	False	CODEX	Stanford TMC	
3f3fc7fbd6c9ddffd3cd96e07b946252	HBM438.JXJW.249	Published	False	CODEX	Stanford TMC	
c5334b682758b141c481f87ae010b537	HBM938.KMNW.825	Published	False	CODEX	Stanford TMC	
b7a2c05fdd9ddd0c83c9786ede98a24e	HBM558.SRZG.629	Published	False	CODEX	University of Florida TMC	
aedc30c204870180673b6ece299f2eb1	HBM244.TJLK.223	Published	False	CODEX	University of Florida TMC	
e0ba24d0c4dab528e46aab3f67a1aae8	HBM987.XGTH.368	Published	False	CODEX	University of Florida TMC	
4a4c3947a7590031d1ff405557354fdb	HBM647.MFQB.496	Published	False	CODEX	University of Florida TMC	
40b8449d2e4edbf2168dfadaefd0ffe4	HBM727.DMKG.675	Published	False	CODEX	Stanford TMC	
4887c97a8f862dfd0927fca83772da67	HBM729.XTBN.693	Published	False	CODEX	Stanford TMC	
2c3540e2b1040c06612698d80ecab56a	HBM427.SMGB.866	Published	False	CODEX	University of Florida TMC	
65f12a80f54438ea3bf5c7200ecd70a3	HBM277.GJFC.833	Published	False	CODEX	University of Florida TMC	
d36df353338a4a450f2282c65218f16c	HBM633.CLVN.674	Published	False	CODEX	University of Florida TMC	
5c5ac37add144e8a9707d2cd7791e694	HBM342.JTKN.834	Published	False	CODEX	University of Florida TMC	
e3aa11ba0218456e2cc9302f6b1d9d1c	HBM623.TSMG.452	Published	False	CODEX	University of Florida TMC	
97a405eff9cb4cf14481e5c436b00f47	HBM957.JXKN.887	Published	False	CODEX	University of Florida TMC	
35ffbad7d81bcc0c3ebf298406e3e712	HBM798.MXFT.837	Published	False	CODEX	University of Florida TMC	
636f55adb5b346fc8f576c5b1ccbfc7d	HBM746.ZTBR.275	Published	False	CODEX	University of Florida TMC	
022de6ee7fca8a916961a5c6330eedf9	HBM483.KDBW.482	Published	False	CODEX	University of Florida TMC	
f1da42ceecf7aee4022a656c45566c18	HBM433.MQRQ.278	Published	False	CODEX	Stanford TMC	
262419be2d6fc1fbbbdcbf9645d7b11a	HBM953.KMTG.758	Published	False	CODEX	Stanford TMC	
2958cd11dad5ee8bcf7bf8d4b3e4a128	HBM429.LLRT.546	Published	False	CODEX	Stanford TMC	
98c1bc0a44802108a6dcf8ce281628a7	HBM742.NHHQ.357	Published	False	CODEX	Stanford TMC	
133bc98251c8b80923f550ea2678380e	HBM893.MCGS.487	Published	False	CODEX	Stanford TMC	
bdcaa8d710bfb837dc2982c1cc4f67c8	HBM426.LLTT.655	Published	False	CODEX	University of Florida TMC	
901aef56094cf599981d8144f07602f9	HBM892.HBJW.994	Published	False	CODEX	University of Florida TMC	
e21e76dbfcf94f3de679a284c8aa9bd1	HBM339.XXWC.842	Published	False	CODEX	University of Florida TMC	
4852fecbbb3fe8fd8a4b897f26941dd9	HBM523.ZFKM.398	Published	False	CODEX	University of Florida TMC	
1aea5d37b6bef49653515595f228c545	HBM996.MDQH.988	Published	False	CODEX	Stanford TMC	
75edcda4f3ff5bef72383d5d082438c2	HBM432.LLCF.677	Published	False	CODEX	University of Florida TMC	
a8fe9587a1e754cf84aeda3f9177224e	HBM659.XHFH.996	Published	False	CODEX	University of Florida TMC	
776bd778f20409d8ce2dd8f5bf5789ae	HBM246.VPVL.879	Published	False	CODEX	University of Florida TMC	
03043e079260d180099579045f16cd53	HBM267.BZKT.867	Published	False	CODEX	University of Florida TMC	
f0c58e670ceb445e6ab02c6a20c83aee	HBM337.FSXL.564	Published	False	CODEX	University of Florida TMC	
98e2fdb35dfa5f1e2f3371cad9d05a83	HBM374.LLKS.325	Published	False	CODEX	University of Florida TMC	
0daec302e2745287b29948a8c8c30cf1	HBM934.KLGL.584	Published	False	CODEX	Stanford TMC	
cacbcb64aa8d9e3160a4ff6600df081a	HBM687.CWVH.758	Published	False	CODEX	University of Florida TMC	
e6fd525b837f4cf736c8af830f4f750f	HBM575.THQM.284	Published	False	CODEX	Stanford TMC	
9f5dd6565b429d63417bef01f972629b	HBM958.GGVQ.546	Published	False	CODEX	University of Florida TMC	
1393ff7729eff13cd2f4d5d58af96fdb	HBM389.PKHL.936	Published	False	CODEX	University of Florida TMC	
7b8380782bc3f9ba8dca693909477b66	HBM845.VMSZ.536	Published	False	CODEX	Stanford TMC	
3480cd404d4bacd7bb8d21be8de12c6c	HBM353.NZVQ.793	Published	False	CODEX	Stanford TMC	
fb71322290f359a730b709e2c58f8897	HBM676.QVGZ.455	Published	False	CODEX	Stanford TMC	
a9d4471b41cd0d8185e12dd6c5a48e96	HBM284.SBPR.357	Published	False	CODEX	Stanford TMC	
1ef4a756160bd478823f7f400c3d3709	HBM687.SJLD.889	Published	False	CODEX	Stanford TMC	
d3130f4a89946cc6b300b115a3120b7a	HBM459.CGSD.533	Published	False	IMC3D	University of Florida TMC	
cd880c54e0095bad5200397588eccf81	HBM778.VHHR.349	Published	False	IMC3D	University of Florida TMC	
a296c763352828159f3adfa495becf3e	HBM387.XZWR.467	Published	False	IMC3D	University of Florida TMC	
298caad597d4a9eaaa3edbc89d79db82	HBM675.SDNC.963	Published	False	Lightsheet	University of Florida TMC	
b6eba6afe660a8a85c2648e368b0cf9f	HBM384.XMBW.725	Published	False	Lightsheet	University of Florida TMC	
073cad035ce246a0134e2214569adde9	HBM423.JZTB.864	Published	False	Lightsheet	University of Florida TMC	
2ece1b8974483e14046fad953b35fedd	HBM639.BNFL.487	Published	False	MALDI-IMS-neg	Vanderbilt TMC	
f1fc56fe8e39a9c05328d905d1c4498e	HBM652.VGTN.936	Published	False	MALDI-IMS-pos	Vanderbilt TMC	
598e80e7888712571caed6488c191302	HBM857.CTKH.498	Published	False	MALDI-IMS-neg	Vanderbilt TMC	
5753250650d5e5a4621e511594f93696	HBM983.DBTL.373	Published	False	MALDI-IMS-pos	Vanderbilt TMC	
b99153a1b16f28dd9ed12bc596795261	HBM832.RVND.293	Published	False	MALDI-IMS-neg	Vanderbilt TMC	
cc856ea20548c887719abbac9a33a702	HBM877.RCLN.985	Published	False	MALDI-IMS-pos	Vanderbilt TMC	
3ade70d66d10ed1d30fe005f672b2abf	HBM286.FJBP.622	Published	False	MALDI-IMS-pos	Vanderbilt TMC	
d9e3c80a32567cde9b61e38ce8693559	HBM556.VXGQ.987	Published	False	MALDI-IMS-pos	Vanderbilt TMC	
32b778c55269d2f7d4c650316cee7815	HBM846.HKTX.428	Published	False	MALDI-IMS-neg	Vanderbilt TMC	
9d357d4bae9580895130bf0cd30fb99d	HBM295.NGXZ.259	Published	False	MALDI-IMS-pos	Vanderbilt TMC	
1e995c94f5e0affd76af014834a3c3a0	HBM437.KLJN.636	Published	False	MALDI-IMS-neg	Vanderbilt TMC	
a1e1e169777c00084b3d46325561f374	HBM594.SMLK.545	Published	False	MALDI-IMS-neg	Vanderbilt TMC	
b6bbc59cb234d6b15deda7356567c3fb	HBM768.DPRS.958	Published	False	MALDI-IMS-pos	Vanderbilt TMC	
60ed8e03152b51d5d9c8fc04e20fa5e3	HBM253.WVWH.754	Published	False	MALDI-IMS-neg	Vanderbilt TMC	
6e7ba37ff1f480f2bfa8c5d29df2a3c1	HBM525.DLPN.575	Published	False	MALDI-IMS-pos	Vanderbilt TMC	
d4fae29feb0215a11b6e4d3072107e09	HBM889.NSRP.924	Published	False	MALDI-IMS-pos	Vanderbilt TMC	
1d1a8376b558398588f92688314f23c5	HBM739.JKQC.464	Published	False	MALDI-IMS-neg	Vanderbilt TMC	
6aa9b45e2fe555a72335e21837334c52	HBM584.QJGL.379	Published	False	MALDI-IMS-neg	Vanderbilt TMC	
6561d1c623a06c49ed5ecd68cb28cd15	HBM394.SCHF.437	Published	False	MALDI-IMS-neg	Vanderbilt TMC	
91890e05edbd0a767092e10502b3ea99	HBM738.KFNZ.872	Published	False	MALDI-IMS-pos	Vanderbilt TMC	
66175ea4190378474b7d73c49c470b9f	HBM565.CBJS.354	Published	False	MALDI-IMS-pos	Vanderbilt TMC	
56b00177fa2bbd091a10dae8d57c9539	HBM853.XDCQ.953	Published	False	MALDI-IMS-neg	Vanderbilt TMC	
8eccc1162147c6c240de384cffd1bcf4	HBM297.VSWF.562	Published	False	MALDI-IMS-neg	Vanderbilt TMC	
3bb0a1651d75a53e69019812acd9d1a0	HBM544.SCBX.327	Published	False	MALDI-IMS-pos	Vanderbilt TMC	
146063814f6bd2b6546e950d0ca5f8c3	HBM645.ZQSN.258	Published	False	MALDI-IMS-neg	Vanderbilt TMC	
6e95d91da2870ffc0a473c23038fc5e1	HBM446.GCXM.753	Published	False	MALDI-IMS-pos	Vanderbilt TMC	
7eef1634020f429f9855ff319ff0c65e	HBM362.PTQJ.743	Published	False	PAS	Vanderbilt TMC	
058f837db913d4c3d0854eb2229c2695	HBM958.GHFM.676	Published	False	PAS	Vanderbilt TMC	
bb820445c6d02c53ecc7ff6e98681742	HBM649.XFQG.775	Published	False	PAS	Vanderbilt TMC	
56416e5ba064fef6e3cffc6fb3f47eb7	HBM296.RLWW.755	Published	False	PAS	Vanderbilt TMC	
9472427491eb889f5884175a8a0d59bf	HBM344.LLLV.539	Published	False	PAS	Vanderbilt TMC	
8da53b8ece9625d5a5c00f8555f67d31	HBM324.MKTZ.248	Published	False	PAS	Vanderbilt TMC	
7afaa263c0c928094459c597940e0351	HBM673.JJRZ.435	Published	False	PAS	Vanderbilt TMC	
8adc3c31ca84ec4b958ed20a7c4f4919	HBM875.QHDJ.259	Published	False	PAS	Vanderbilt TMC	
664b8227e17ee2a35a504dd8c19c2531	HBM836.VTFP.364	Published	False	PAS	Vanderbilt TMC	
0d1f7b2917325a7778ffecacb7ddba6f	HBM325.RVSR.229	Published	False	PAS	Vanderbilt TMC	
3d2c9295c0e05f4d81d23ee95e9dad23	HBM623.RPMC.638	Published	False	PAS	Vanderbilt TMC	
751d7b4638d6bfe51756669a4f192c00	HBM636.ZPTS.368	Published	False	PAS	Vanderbilt TMC	
7810dadcb43b35ef9de6378f3d53b532	HBM389.MBWW.346	Published	False	PAS	Vanderbilt TMC	
46bab56124c61f7a66c50c3cde0aa596	HBM636.GVWP.354	Published	False	PAS	Vanderbilt TMC	
d63f77a8a5b4c23a328f526517a52ff9	HBM984.PMZN.942	Published	False	PAS	Vanderbilt TMC	
9eb457ab0141f7ba734e337917a9bde9	HBM783.GDKK.879	Published	False	PAS	Vanderbilt TMC	
8690897fced9931da34d66d669c1d698	HBM627.RSGW.898	Published	False	PAS	Vanderbilt TMC	
36c3a6eb7a731478caee82c14d2cbe2a	HBM484.RDZR.494	Published	False	PAS	Vanderbilt TMC	
7aed690c306ad4a8e08b7ec794e3a304	HBM879.CDHB.995	Published	False	PAS	Vanderbilt TMC	
13f68db2ce711221e402e6af2d8cad45	HBM463.JRTB.582	Published	False	PAS	Vanderbilt TMC	
8d649002964c5c599b84ef38cac91410	HBM783.GJWP.694	Published	False	PAS	Vanderbilt TMC	
dbe61e60497b81fd8e9f4c8ec0f0391d	HBM892.SQNT.843	Published	False	PAS	Vanderbilt TMC	
7e3f3b5d1890f9612efb91d3a820cdcc	HBM849.XMPC.398	Published	False	PAS	Vanderbilt TMC	
37d962aafc47832300d1c863c70608ec	HBM872.HWNB.835	Published	False	PAS	Vanderbilt TMC	
0a13556dc03c91eca001161c82facf36	HBM832.FQKR.463	Published	False	PAS	Vanderbilt TMC	
4c810d998f5c336f0a848170ea58cbd9	HBM528.QSDN.323	Published	False	PAS	Vanderbilt TMC	
c1216834ff5b1e981998cf8aec809a44	HBM635.BSPV.599	Published	False	PAS	Vanderbilt TMC	
d0be34d165e38dc3b9074aca578a1c46	HBM276.PGFS.693	Published	False	PAS	Vanderbilt TMC	
3b32eb6790f1c60004119b84c86b2120	HBM623.BNWW.574	Published	False	PAS	Vanderbilt TMC	
c8387452cb4f64896339eef69eef342b	HBM655.VSLD.867	Published	False	PAS	Vanderbilt TMC	
45e9370bd4ee50c58d7a9cf34b4d2c70	HBM396.KGDR.538	Published	False	PAS	Vanderbilt TMC	
32d2d8cd78933cf74f9855ca764a1391	HBM324.ZGZM.874	Published	False	PAS	Vanderbilt TMC	
d55e751748bd094ff5b0b55befb08d41	HBM685.HZFG.838	Published	False	PAS	Vanderbilt TMC	
7308530b92438fdbe258b501aeb86069	HBM227.THVC.544	Published	False	PAS	Vanderbilt TMC	
aa198c566a3ee9ad703d66685cf65a63	HBM937.TDGJ.774	Published	False	PAS	Vanderbilt TMC	
20fea3266c0b545def76080a3f545d0a	HBM676.SNVK.793	Published	False	PAS	Vanderbilt TMC	
07317dfade92994d6fbbe9faef1236f7	HBM969.MLWK.466	Published	False	PAS	Vanderbilt TMC	
2758f0523316876db1e63fc1d2c51d1b	HBM428.QSKJ.486	Published	False	PAS	Vanderbilt TMC	
47f4411d2eba0edaad6951c5cc1bc03b	HBM833.DBGG.252	Published	False	PAS	Vanderbilt TMC	
8030bee708b211203104616629480b52	HBM662.PMPZ.644	Published	False	PAS	Vanderbilt TMC	
ae7723aee8bc809afe0a05756bdf91de	HBM473.FKKH.583	Published	False	PAS	Vanderbilt TMC	
484b359a4b9d4e370f52c4c3fef782a3	HBM264.XSVF.528	Published	False	PAS	Vanderbilt TMC	
b4c8ef4fdbc94b884e8f3251ac9143bd	HBM649.DLZF.463	Published	False	PAS	Vanderbilt TMC	
1e9b9d5ac57ac8bd4093f2503675a2cd	HBM979.HDZH.896	Published	False	PAS	Vanderbilt TMC	
64fb1a207109beb61404b7e0b4c60810	HBM725.PDDC.788	Published	False	PAS	Vanderbilt TMC	
5eacc268fa94d3419580ff04c9a9c76d	HBM874.RZDW.757	Published	False	PAS	Vanderbilt TMC	
2c77b1cdf33dbed3dbfb74e4b578300e	HBM756.GJDX.884	Published	True	bulk-RNA	Stanford TMC	
f84c8edc36a65f248c2649ebbe52ad35	HBM454.ZWSD.895	Published	True	bulk-RNA	Stanford TMC	
311837bf483627cc967e40092a251096	HBM656.ZCCL.743	Published	True	bulk-RNA	Stanford TMC	
2c2179ea741d3bbb47772172a316a2bf	HBM855.VBLX.337	Published	True	bulk-RNA	Stanford TMC	
69e5acda3ceefb02ef4363be64958c53	HBM634.HGLT.739	Published	True	bulk-RNA	Stanford TMC	
1b44f652bd13a713c9d1eb99b359a4fd	HBM946.HHKL.578	Published	True	bulk-RNA	Stanford TMC	
829949a05892c319595ed28887039134	HBM954.PCBD.364	Published	True	bulk-RNA	Stanford TMC	
6e9e4f61998006ee78c32af1596fa25a	HBM672.XGNL.299	Published	True	bulk-RNA	Stanford TMC	
6e501b057f0d19451012c03aa5442af2	HBM297.XHVP.489	Published	True	SNARE-ATACseq2	University of California San Diego TMC	
bae81c76d9baf591fc7455f570e3c41d	HBM782.VBFQ.945	Published	True	SNARE-ATACseq2	University of California San Diego TMC	
b4dc29f1b0bdc10ce57734655feb4428	HBM832.FZXR.449	Published	True	SNARE-ATACseq2	University of California San Diego TMC	
d5e4547a1e72812284f7762e94a0f754	HBM745.JXHV.774	Published	True	SNARE-ATACseq2	University of California San Diego TMC	
14e791d78e93de385869c09b101e9ce3	HBM655.RKJR.493	Published	True	SNARE-ATACseq2	University of California San Diego TMC	
812eb84d7f482e1c855f6cc37f554874	HBM834.WSBV.784	Published	True	SNARE-ATACseq2	University of California San Diego TMC	
64b61aac0df17ddb916b88d2faa2ce7d	HBM664.MCDD.259	Published	True	SNARE-ATACseq2	University of California San Diego TMC	
dac492687743a1c374ebb4fdc9a0a55a	HBM265.TSQB.698	Published	True	SNARE-ATACseq2	University of California San Diego TMC	
fc5807ae31c05679bc1048c79aaf92c5	HBM484.QDDS.752	Published	True	SNARE-ATACseq2	University of California San Diego TMC	
68751a1150c6b24cec78c031390487bc	HBM255.FTZT.838	Published	True	SNARE-ATACseq2	University of California San Diego TMC	
74c08831f6c89b35d6df46bf88c3fbf0	HBM784.RVTS.872	Published	True	SNARE-ATACseq2	University of California San Diego TMC	
16782d78da92510a67880e719af368f7	HBM762.VLJF.655	Published	True	SNARE-ATACseq2	University of California San Diego TMC	
059d18392b5a8805337a0c8ef5d19b46	HBM455.ZPNN.623	Published	True	SNARE-ATACseq2	University of California San Diego TMC	
cad274bf30cdf90e246dfe56afcdf2c2	HBM492.SVCZ.539	Published	True	SNARE-ATACseq2	University of California San Diego TMC	
6aa7ff3bf38a6b1a242b6d7d3198f44a	HBM624.BLKG.259	Published	True	SNARE-ATACseq2	University of California San Diego TMC	
af8c7a2263bf77785bf75788143eef4e	HBM638.GFNR.793	Published	True	SNARE-ATACseq2	University of California San Diego TMC	
53f81503913a841f57f07835ce94a5b9	HBM929.ZQRZ.278	Published	True	SNARE-ATACseq2	University of California San Diego TMC	
e81e134b69e297f7442c6e4050ffb464	HBM657.MJHP.546	Published	True	SNARE-ATACseq2	University of California San Diego TMC	
225280788b0c66d095d05c4e36a89b81	HBM792.MWCJ.783	Published	True	SNARE-ATACseq2	University of California San Diego TMC	
9d5f581f5a1081fda3c748402b13b09b	HBM996.XRBP.649	Published	True	SNARE-ATACseq2	University of California San Diego TMC	
724256834b9b5c19073559d422e59667	HBM646.BHHT.443	Published	True	SNARE-ATACseq2	University of California San Diego TMC	
a99a132d06f46dc563cb47006b874ab1	HBM977.JFFT.795	Published	True	SNARE-ATACseq2	University of California San Diego TMC	
3d2d23e79d05583bd3b1a7f009b203ef	HBM768.GGMW.763	Published	True	SNARE-ATACseq2	University of California San Diego TMC	
3802f8843c090764d056b2e326a494ca	HBM678.CNWW.847	Published	True	SNARE-ATACseq2	University of California San Diego TMC	
534418043eb8b1e8e6690123688bed09	HBM976.FZMR.433	Published	True	SNARE-ATACseq2	University of California San Diego TMC	
16e9ba451dcad479781b272fb8a6ea05	HBM796.LFJP.942	Published	True	SNARE-ATACseq2	University of California San Diego TMC	
ba76a0aee94e03e866287d77866ead58	HBM874.LNRK.792	Published	True	SNARE-ATACseq2	University of California San Diego TMC	
9d607bbd57fd250c7444158f4f55598f	HBM668.RKPW.923	Published	True	SNARE-ATACseq2	University of California San Diego TMC	
42f8aaeab5888c1789d630ca085d6688	HBM688.SMXJ.943	Published	True	SNARE-ATACseq2	University of California San Diego TMC	
16cf9755338257986a867a86d63c2b9b	HBM654.KGFR.248	Published	True	SNARE-ATACseq2	University of California San Diego TMC	
81326ba2085657141f9932f135154e39	HBM674.JNMW.857	Published	True	SNARE-ATACseq2	University of California San Diego TMC	
75ccc2ff3ce28137d2f5f6f34873747d	HBM592.FGDR.959	Published	True	SNARE-ATACseq2	University of California San Diego TMC	
e562cbe920567069d39b38b8f672bf5d	HBM729.QZDC.322	Published	True	SNARE-ATACseq2	University of California San Diego TMC	
28481bdc81b2fac9c645ec95fc0e1824	HBM742.PLXW.786	Published	True	SNARE-ATACseq2	University of California San Diego TMC	
1e4f36238979459b6cb35f3a36bb299d	HBM742.SLJJ.558	Published	True	SNARE-ATACseq2	University of California San Diego TMC	
3cd30e8d3cfac233dc86be47c3508fdc	HBM226.BZMV.852	Published	True	SNARE-ATACseq2	University of California San Diego TMC	
0e71beaf2b67bae4c609df811a34d7ca	HBM595.PKGV.622	Published	True	SNARE-ATACseq2	University of California San Diego TMC	
2a305a30f98deb4a3a6717f24edcbef9	HBM569.VGBL.558	Published	True	SNARE-ATACseq2	University of California San Diego TMC	
04e5fe708a31a40726cb204908cd5479	HBM524.DVNF.223	Published	True	SNARE-ATACseq2	University of California San Diego TMC	
12ec5b881a24bd3da166fd64e52fcb93	HBM373.QRLQ.338	Published	True	SNARE-ATACseq2	University of California San Diego TMC	
227f4450f80d5c058f2f223adc806fb0	HBM226.JFZZ.568	Published	True	SNARE-ATACseq2	University of California San Diego TMC	
50c0c77c036397f98ad4c058fc9cd35a	HBM487.ZVSC.235	Published	True	SNARE-ATACseq2	University of California San Diego TMC	
4125c67860a0f659ffbbf101b278c62a	HBM852.FNJG.394	Published	True	SNARE-ATACseq2	University of California San Diego TMC	
fe404f09cf1786cfd9ec45a3af62dc6f	HBM674.JTXW.676	Published	True	SNARE-ATACseq2	University of California San Diego TMC	
0958dabdd6ea147193514524f8dc7cdd	HBM496.PDBS.429	Published	True	SNARE-ATACseq2	University of California San Diego TMC	
b713efaada56322c7f53aba18ddb904e	HBM399.KBQD.395	Published	True	SNARE-ATACseq2	University of California San Diego TMC	
0e9c6c75a7cdb5c2d4fdd242b4b0637f	HBM744.BFSJ.565	Published	True	SNARE-ATACseq2	University of California San Diego TMC	
30af16460b3f499e5bc803b794b61df0	HBM276.VNKN.267	Published	True	SNARE-ATACseq2	University of California San Diego TMC	
048723fd5863d45d8a8e867f21e8af9f	HBM955.DXVQ.765	Published	True	SNARE-RNAseq2	University of California San Diego TMC	
c7038c10b1766e639ce263d5a177e5fd	HBM775.HGSK.536	Published	True	SNARE-RNAseq2	University of California San Diego TMC	
fa18feb84ec1c2fd66286ac47da24b9c	HBM673.WGZS.593	Published	True	SNARE-RNAseq2	University of California San Diego TMC	
f4333f83c8aadb7ea132844e7d0097fb	HBM479.RDNW.482	Published	True	SNARE-RNAseq2	University of California San Diego TMC	
1e56c595c3f0e1cf126a80e00fd31c54	HBM444.BXPJ.728	Published	True	SNARE-RNAseq2	University of California San Diego TMC	
e30d1d413f45c48edbfdf0ecf9d58dcc	HBM245.VSKK.846	Published	True	SNARE-RNAseq2	University of California San Diego TMC	
026ab5fb8cf7681220b423d453a583aa	HBM393.NWNB.684	Published	True	SNARE-RNAseq2	University of California San Diego TMC	
d990c4d6e981affd9ea3411f436ff09c	HBM788.XWPV.347	Published	True	SNARE-RNAseq2	University of California San Diego TMC	
96c782b502cdb23122b2e7fb376d949d	HBM822.JFNB.664	Published	True	SNARE-RNAseq2	University of California San Diego TMC	
8464b72f60b42590266834f9049055f4	HBM846.GQRK.362	Published	True	SNARE-RNAseq2	University of California San Diego TMC	
ab3df69d522e29ca793bae7495e1b301	HBM359.CQKZ.649	Published	True	SNARE-RNAseq2	University of California San Diego TMC	
e9e74364d8d9eeaba7a7f094d33c0a66	HBM746.WTMD.298	Published	True	SNARE-RNAseq2	University of California San Diego TMC	
c820345b025ff959e531db797030a399	HBM874.DVHQ.638	Published	True	SNARE-RNAseq2	University of California San Diego TMC	
bbab5449e7476eb6b52cbb632980aa2b	HBM983.QHFB.659	Published	True	SNARE-RNAseq2	University of California San Diego TMC	
ee14de43eba29d0c55481a998bc3e4e1	HBM846.NMQR.693	Published	True	SNARE-RNAseq2	University of California San Diego TMC	
1ebb8c979c90d0c214f3ebc7aaaa2207	HBM266.ZBKL.396	Published	True	SNARE-RNAseq2	University of California San Diego TMC	
1e002a7b641312095138750498a541de	HBM837.RZPL.332	Published	True	SNARE-RNAseq2	University of California San Diego TMC	
434243c3ccff2face69c37fe86d53b4f	HBM549.VSNH.445	Published	True	SNARE-RNAseq2	University of California San Diego TMC	
585c27740dd6f680c0dcaba323562939	HBM935.KGJC.468	Published	True	SNARE-RNAseq2	University of California San Diego TMC	
03e1ae44e4c4a92ded0c1960336b83af	HBM535.XQDS.238	Published	True	SNARE-RNAseq2	University of California San Diego TMC	
015ee234392256bfdb315299622ccb87	HBM769.NLGR.528	Published	True	SNARE-RNAseq2	University of California San Diego TMC	
0a89c78b2de4c454c6df0a6e17ff17b6	HBM422.MKWK.448	Published	True	SNARE-RNAseq2	University of California San Diego TMC	
f41e71ec9619dbb065634b4714d1818e	HBM973.ZVNB.886	Published	True	SNARE-RNAseq2	University of California San Diego TMC	
d91f01da45d9011b702cbff221c0ddeb	HBM864.XMFH.374	Published	True	SNARE-RNAseq2	University of California San Diego TMC	
275c81f5f8b4f53f925f9742cb440efa	HBM296.PCFN.989	Published	True	SNARE-RNAseq2	University of California San Diego TMC	
9b64312cac3c359e0fef53555057c996	HBM777.SVZT.454	Published	True	SNARE-RNAseq2	University of California San Diego TMC	
d7bd2925c466eedc009c1cd272011529	HBM349.XPRZ.258	Published	True	SNARE-RNAseq2	University of California San Diego TMC	
f852d653926edb68292e39b95a3469cf	HBM259.BPTK.843	Published	True	SNARE-RNAseq2	University of California San Diego TMC	
154ec6344a58e4acb15ad01977b84baf	HBM255.HLNC.938	Published	True	SNARE-RNAseq2	University of California San Diego TMC	
9f08125dfdae4906881b62479471d65a	HBM775.RVQX.376	Published	True	SNARE-RNAseq2	University of California San Diego TMC	
7b85597b6a56b4119792423b23f2a40d	HBM882.KDTH.685	Published	True	SNARE-RNAseq2	University of California San Diego TMC	
b2edd3796b6ee0e0d3af9c12646e1120	HBM548.WNVT.322	Published	True	SNARE-RNAseq2	University of California San Diego TMC	
053eeb782b81f78b5e41802dfe859cdb	HBM742.GTJJ.334	Published	True	SNARE-RNAseq2	University of California San Diego TMC	
eb7483e17dc656d065ed2c1595663998	HBM523.FKWF.269	Published	True	SNARE-RNAseq2	University of California San Diego TMC	
324e4aa3c65fd6644234bbfd61b358de	HBM434.NVPJ.787	Published	True	SNARE-RNAseq2	University of California San Diego TMC	
9c059f193bb4db45250e3b5eb303eaf4	HBM836.SCTK.396	Published	True	SNARE-RNAseq2	University of California San Diego TMC	
af3e387f2441f172cbe7de29ea5c3c16	HBM375.KNVL.645	Published	True	SNARE-RNAseq2	University of California San Diego TMC	
d3c675e9f3507412928d3bb725c2c8d2	HBM953.HGVS.696	Published	True	SNARE-RNAseq2	University of California San Diego TMC	
d90737b6f1563e164f8a30b4315205a0	HBM466.RBPX.375	Published	True	SNARE-RNAseq2	University of California San Diego TMC	
a2bf1303a535bba11900932213b0f987	HBM935.CNXT.255	Published	True	SNARE-RNAseq2	University of California San Diego TMC	
a8959b401a2a5fd70a85651404068b73	HBM872.JGDD.956	Published	True	SNARE-RNAseq2	University of California San Diego TMC	
2192b4d95d164631d8c984dcde3ea635	HBM894.MNHL.259	Published	True	SNARE-RNAseq2	University of California San Diego TMC	
737617c116e94ded77b9de7611c469e9	HBM396.QSCB.763	Published	True	SNARE-RNAseq2	University of California San Diego TMC	
19274e67c639a003ffe17953fd6b55db	HBM788.QGNW.253	Published	True	SNARE-RNAseq2	University of California San Diego TMC	
644e9e8c2e6dfb07223188b86eb17ed4	HBM386.CVHG.956	Published	True	SNARE-RNAseq2	University of California San Diego TMC	
4d3eb2a87cda705bde38495bb564c8dc	HBM433.XXZF.683	Published	True	SNARE-RNAseq2	University of California San Diego TMC	
670135e38ac4107e0d07dae1bdcf4936	HBM644.GBKD.967	Published	True	SNARE-RNAseq2	University of California San Diego TMC	
5fba3cd9628ce41299533961b00763a4	HBM922.KSKR.637	Published	True	SNARE-RNAseq2	University of California San Diego TMC	
42a767c2036382d7f015989cad1ce138	HBM238.MHWZ.654	Published	True	SNARE-RNAseq2	University of California San Diego TMC	
1b2dede6f4a92c4114ae0e581b5466ce	HBM984.LZDJ.635	Published	True	SNARE-RNAseq2	University of California San Diego TMC	
397b6f876ec7976923650135481d08e5	HBM239.XXRN.647	Published	True	SNARE-RNAseq2	University of California San Diego TMC	
76584f2fe8e8ec215d78b83296461bbf	HBM495.KSXC.638	Published	True	SNARE-RNAseq2	University of California San Diego TMC	
83886790424cd10f6b50159ef50555ed	HBM532.DJRB.464	Published	True	SNARE-RNAseq2	University of California San Diego TMC	
11c92e3b876f5f79cd46a93eb90e074b	HBM924.DSPX.449	Published	True	SNARE-RNAseq2	University of California San Diego TMC	
88a335560ab0bc16c7d63c01d6480f3d	HBM693.ZRQJ.667	Published	True	SNARE-RNAseq2	University of California San Diego TMC	
838a481d4970d865de933429868a06bc	HBM757.DZKS.993	Published	True	SNARE-RNAseq2	University of California San Diego TMC	
eea962dabda0cec78f8f909494e0e775	HBM435.WLKV.658	Published	True	SNARE-RNAseq2	University of California San Diego TMC	
7e452891b83ca984a2f210312d90495d	HBM979.DJZW.835	Published	True	SNARE-RNAseq2	University of California San Diego TMC	
21cfe966008f784c47d0638e80b55ee0	HBM697.XSHN.426	Published	True	SNARE-RNAseq2	University of California San Diego TMC	
676d7aa78c6ff2b18aca7c7d020d0928	HBM672.TRVG.967	Published	True	SNARE-RNAseq2	University of California San Diego TMC	
c391f9351952a3eb3ce4b68b39f12970	HBM735.LWRH.779	Published	True	SNARE-RNAseq2	University of California San Diego TMC	
07975e1e99bcd25fef9e6c72c46a8922	HBM756.GZSH.268	Published	True	SNARE-RNAseq2	University of California San Diego TMC	
f5e37d024e028f1beae9d384630b8107	HBM534.ZLFK.677	Published	True	SNARE-RNAseq2	University of California San Diego TMC	
da37b64d6f5823747274c719cd590890	HBM298.KXFW.694	Published	True	SNARE-RNAseq2	University of California San Diego TMC	
d31aa4d63ee3f71965fc7bccb3ef3d02	HBM425.ZCSZ.825	Published	True	SNARE-RNAseq2	University of California San Diego TMC	
6f87add44880de684e6a9a5625344bbb	HBM445.NPKW.958	Published	True	SNARE-RNAseq2	University of California San Diego TMC	
869ff5b556a0e0f24a48aa673d0bc343	HBM879.NCTL.468	Published	True	SNARE-RNAseq2	University of California San Diego TMC	
ae97b76308cc66379e3cab55ca3c86ad	HBM459.BBRT.432	Published	True	SNARE-RNAseq2	University of California San Diego TMC	
efe5894cd09b0a411ecfe46749e6db73	HBM852.VSBC.572	Published	True	SNARE-RNAseq2	University of California San Diego TMC	
1e766956a9c48e8e61ffb1ab28e8e4e4	HBM335.XXBG.857	Published	True	SNARE-RNAseq2	University of California San Diego TMC	
0dad96d381eab1a598b76038385e593f	HBM488.CHLD.467	Published	True	SNARE-RNAseq2	University of California San Diego TMC	
9e8d22618bc17f270c58b7bb2581ece4	HBM257.DBNG.933	Published	True	SNARE-RNAseq2	University of California San Diego TMC	
973b5f2ce28a818e31d6148147feb6fc	HBM442.ZDMV.523	Published	True	SNARE-RNAseq2	University of California San Diego TMC	
4e54c868cca02be3a0538b03c1909c3d	HBM694.QMLR.738	Published	True	SNARE-RNAseq2	University of California San Diego TMC	
4038c7a3510b38f0cd036aa4955246eb	HBM265.NXDR.935	Published	True	SNARE-RNAseq2	University of California San Diego TMC	
63c9ad59d1db51551989d7dabd36dea9	HBM462.BPNZ.799	Published	True	SNARE-RNAseq2	University of California San Diego TMC	
8fcb96b98c87178e2666435a3b3a5350	HBM398.CFZH.458	Published	True	SNARE-RNAseq2	University of California San Diego TMC	
1c9310ad74bdebc6983fb1bda3dcaa6e	HBM677.TRKR.869	Published	True	SNARE-RNAseq2	University of California San Diego TMC	
e4cb7061eafcb4605b138b56dd8b10c0	HBM368.FDDS.927	Published	True	SNARE-RNAseq2	University of California San Diego TMC	
5a1449ecf5a58494e11ed7a78a7d104a	HBM363.NSBV.432	Published	True	SNARE-RNAseq2	University of California San Diego TMC	
142dde4b515934bdd9384c2aea081ebb	HBM276.BCVG.232	Published	True	SNARE-RNAseq2	University of California San Diego TMC	
d68eb55a484036b3575043bdecd64a52	HBM853.XQFP.642	Published	True	SNARE-RNAseq2	University of California San Diego TMC	
5db7806bf62bf80bdd9a17199d6d2b08	HBM442.HSFZ.838	Published	True	SNARE-RNAseq2	University of California San Diego TMC	
bf8faee3a82026ccf2a65965fd158a1f	HBM384.BWTV.862	Published	True	SNARE-RNAseq2	University of California San Diego TMC	
59da4436e52d9cacc743c1a9bbdd566f	HBM277.KCLM.554	Published	True	SNARE-RNAseq2	University of California San Diego TMC	
df7b5c077c2fc442f56d8667fe8ea37c	HBM766.PSCS.545	Published	True	SNARE-RNAseq2	University of California San Diego TMC	
dd7adfb071228435eb2bb1699148a1de	HBM446.FXTJ.757	Published	True	SNARE-RNAseq2	University of California San Diego TMC	
e8efba8d06360eeba199f195da80f01d	HBM867.XBWD.535	Published	True	SNARE-RNAseq2	University of California San Diego TMC	
4ea28b66fb08185a484df0fa0b9543dc	HBM388.JGKV.766	Published	True	SNARE-RNAseq2	University of California San Diego TMC	
f716e995918d7780d46ad4df44d41678	HBM426.CDKT.979	Published	True	SNARE-RNAseq2	University of California San Diego TMC	
56ebc2ebc5446a039cb0a86ace68bd32	HBM927.HHFD.265	Published	True	SNARE-RNAseq2	University of California San Diego TMC	
e0d7eaffb0da948ed150d1cfc94db74b	HBM368.QPXJ.543	Published	True	SNARE-RNAseq2	University of California San Diego TMC	
fa3f5482e3502d7d5d86c61157ee6a7a	HBM725.BRBB.566	Published	True	SNARE-RNAseq2	University of California San Diego TMC	
bbe9f1a95a61f32656ed4452fed9d424	HBM834.TDFD.294	Published	True	SNARE-RNAseq2	University of California San Diego TMC	
26dc619ecea3f40441064f18e1a8b879	HBM379.ZGKM.223	Published	True	SNARE-RNAseq2	University of California San Diego TMC	
d97b9b0aa1c0c6929d0db414e1d67825	HBM587.JPLF.798	Published	True	SNARE-RNAseq2	University of California San Diego TMC	
00d9d4bf8b010eaa6fca4361476cd2ad	HBM342.MWMW.936	Published	True	SNARE-RNAseq2	University of California San Diego TMC	
ffc1e88d31396f5bd8a0b66729584e1d	HBM759.ZKDS.894	Published	True	SNARE-RNAseq2	University of California San Diego TMC	
46f707a38043ac6d2cd6a3700979c8f8	HBM366.RVSS.338	Published	True	SNARE-RNAseq2	University of California San Diego TMC	
42221548e4c709628522b64d48ba0a75	HBM794.ZFKH.622	Published	True	SNARE-RNAseq2	University of California San Diego TMC	
d2514a9f220952cf2dd75796206eeb11	HBM545.VTQM.594	Published	True	SNARE-RNAseq2	University of California San Diego TMC	
01160f557b3544a163184137530ededf	HBM553.MNTQ.265	Published	True	SNARE-RNAseq2	University of California San Diego TMC	
500af39b83bfa9eb27f78746734f3db9	HBM692.WWJD.963	Published	True	SNARE-RNAseq2	University of California San Diego TMC	
d615cc96a8606bb6819bed2a8d7f24ac	HBM389.FGMD.644	Published	True	SNARE-RNAseq2	University of California San Diego TMC	
a7612d7bb369391b04eeca67f46df883	HBM724.WBBC.362	Published	True	SNARE-RNAseq2	University of California San Diego TMC	
1f03636598bfb7d3bb0bfccf0a252e36	HBM557.KNTT.394	Published	True	SNARE-RNAseq2	University of California San Diego TMC	
d34eb3a317ac17d6f01b958cb2276793	HBM684.LRVL.722	Published	True	SNARE-RNAseq2	University of California San Diego TMC	
d7204812ade29562397bb60c99216794	HBM759.FHWP.826	Published	True	SNARE-RNAseq2	University of California San Diego TMC	
155da15afc9978b62d64bf0801d025dc	HBM699.NGDQ.539	Published	True	SNARE-RNAseq2	University of California San Diego TMC	
c5e4adcf2ef956864a087d1691e8e8cd	HBM288.RCTV.965	Published	True	SNARE-RNAseq2	University of California San Diego TMC	
b2d42d1143a168014996df6d07d5bdf8	HBM723.QMLJ.829	Published	True	SNARE-RNAseq2	University of California San Diego TMC	
be7059191ba49651655db7d333610ad2	HBM283.GHKJ.532	Published	True	SNARE-RNAseq2	University of California San Diego TMC	
c858b21d7bbfbe4e73d9f72c2c719c62	HBM853.GWTP.895	Published	True	SNARE-RNAseq2	University of California San Diego TMC	
21fe1cf97052ee3d986b5ccb4e8efe86	HBM562.WZFC.994	Published	True	SNARE-RNAseq2	University of California San Diego TMC	
d34706323794467348995af37072b5ee	HBM252.BMWF.224	Published	True	SNARE-RNAseq2	University of California San Diego TMC	
19be408fb97c09f603c906921d7b0945	HBM695.XTNF.836	Published	True	SNARE-RNAseq2	University of California San Diego TMC	
b7227f0ddb99ee5aaa3aec9d48d10a83	HBM522.LXLF.753	Published	True	SNARE-RNAseq2	University of California San Diego TMC	
6ae8dd70fa2de19016fcb9c81afc11c7	HBM539.MKQD.956	Published	True	SNARE-RNAseq2	University of California San Diego TMC	
b8f2f968030b16280a77795a6babaf16	HBM687.DTXP.559	Published	True	SNARE-RNAseq2	University of California San Diego TMC	
a8b5f09ae183be8731349bbb72a55a4f	HBM769.BDBL.437	Published	True	SNARE-RNAseq2	University of California San Diego TMC	
33874bc3c95b6b41cbc387d2826d88eb	HBM683.DSMM.562	Published	True	SNARE-RNAseq2	University of California San Diego TMC	
db3eca4495be28a22d9d02d465c1f702	HBM959.XNWL.627	Published	True	SNARE-RNAseq2	University of California San Diego TMC	
9efdc2b203c54baad4e7c5cd99b77160	HBM695.CKJX.997	Published	True	SNARE-RNAseq2	University of California San Diego TMC	
b4a975cb708bf442ceeb4ad2377024f4	HBM475.NWHG.922	Published	True	SNARE-RNAseq2	University of California San Diego TMC	
6acf389e79b08bdd4c7f94019348868e	HBM428.GPCD.698	Published	True	SNARE-RNAseq2	University of California San Diego TMC	
dcb845c82041eeb07020dec84e03ea97	HBM878.HZJK.366	Published	True	SNARE-RNAseq2	University of California San Diego TMC	
4318b88da67256edae9fd876b5111e4a	HBM477.SGMX.842	Published	True	SNARE-RNAseq2	University of California San Diego TMC	
1fb5bcc68099ff64c34809153de0c5cc	HBM257.JTGD.599	Published	True	SNARE-RNAseq2	University of California San Diego TMC	
e9ea23ec5a0dbf788fc66ecea4441550	HBM725.NLKP.539	Published	True	SNARE-RNAseq2	University of California San Diego TMC	
3a4b776346bfc561712eaf915dda6200	HBM882.XFHR.889	Published	True	SNARE-RNAseq2	University of California San Diego TMC	
3b9e41fa2326a845871cd20b35efb0c0	HBM687.SQJV.939	Published	True	SNARE-RNAseq2	University of California San Diego TMC	
421007293469db7b528ce6478c00348d	HBM575.XFCT.276	Published	True	SNARE-RNAseq2	University of California San Diego TMC	
52fab90faa97ba44dfde29e1fe740f48	HBM443.TQKQ.624	Published	True	SNARE-RNAseq2	University of California San Diego TMC	
2746ce8d450265ace2c6aee762c8dfda	HBM349.KWMK.599	Published	True	SNARE-RNAseq2	University of California San Diego TMC	
43f83f08bedac2bc4d58767362dfebe2	HBM793.TLPP.486	Published	True	SNARE-RNAseq2	University of California San Diego TMC	
055944e2ee7579974aa7a2a11dff5637	HBM729.KJWJ.742	Published	True	SNARE-RNAseq2	University of California San Diego TMC	
df71091620312eacc28a6accccfb2aa4	HBM939.CNSV.893	Published	True	SNARE-RNAseq2	University of California San Diego TMC	
fa3c3facff89f8ee89f7ee315f057f5e	HBM882.NBFK.489	Published	True	SNARE-RNAseq2	University of California San Diego TMC	
b187c76ccb333ec1c347cbc217c09ad5	HBM727.FSWS.736	Published	True	SNARE-RNAseq2	University of California San Diego TMC	
614073f249f8881b2fe4a29db6bea266	HBM363.LDZL.423	Published	True	SNARE-RNAseq2	University of California San Diego TMC	
a4477ee85ea420ae82b892ae936b43c4	HBM659.WFXT.729	Published	True	SNARE-RNAseq2	University of California San Diego TMC	
d74c1643f3f4c22a4758e5931029ed75	HBM398.ZSNW.578	Published	True	SNARE-RNAseq2	University of California San Diego TMC	
055730a8c5486ec9bf66af90102e5626	HBM396.JHNS.692	Published	True	SNARE-RNAseq2	University of California San Diego TMC	
45aadbf99c097775e6004a978b5a731b	HBM678.FRJC.827	Published	True	SNARE-RNAseq2	University of California San Diego TMC	
79e94dcf00267a0fe71e88c7d1e8d3c8	HBM848.DKKR.789	Published	True	SNARE-RNAseq2	University of California San Diego TMC	
5f13e1e3140b58650018ec44ecad720c	HBM453.SZCH.656	Published	True	SNARE-RNAseq2	University of California San Diego TMC	
1b015d3b973ac6510bbb40f4112f0486	HBM975.WHWM.552	Published	True	SNARE-RNAseq2	University of California San Diego TMC	
fc1fe65af3d66d6e12b402647d16d9a0	HBM886.SLWK.262	Published	True	SNARE-RNAseq2	University of California San Diego TMC	
80de47fcd4ddb11de36af71dfdfa7b90	HBM833.HFSG.364	Published	True	SNARE-RNAseq2	University of California San Diego TMC	
2100db577dfa010580c35518472e0e7f	HBM656.KZXP.658	Published	True	SNARE-RNAseq2	University of California San Diego TMC	
f21984fb4a908c1adfa921fbcaca8788	HBM584.ZTDX.845	Published	True	SNARE-RNAseq2	University of California San Diego TMC	
de80a443ed15e1f783c68d5e0b2d7216	HBM744.MBPT.666	Published	True	SNARE-RNAseq2	University of California San Diego TMC	
ade674f0277942c9a1297494fcf3511d	HBM328.FTJW.669	Published	True	SNARE-RNAseq2	University of California San Diego TMC	
34730c1fb6e55ece2567c4ffe53ca466	HBM938.FTBC.347	Published	True	SNARE-RNAseq2	University of California San Diego TMC	
d2f1ba23eddf1484f4a794444a6536ee	HBM572.QTTV.726	Published	True	SNARE-RNAseq2	University of California San Diego TMC	
1bb63db033b3f7206a4d8c4ac4db1564	HBM659.MPZT.644	Published	True	SNARE-RNAseq2	University of California San Diego TMC	
1ee969676fc2b7081e6d4c6db6eccd74	HBM585.GLSD.853	Published	True	SNARE-RNAseq2	University of California San Diego TMC	
12adb09fef9ef119227ecbe87b41dcc2	HBM894.VJNM.258	Published	True	SNARE-RNAseq2	University of California San Diego TMC	
7277b2460f9c548004496508684a90ef	HBM596.FQNZ.472	Published	True	scRNAseq-10xGenomics-v2	EXT - Human Cell Atlas	
43c43f3fd7fbe61b9d8fed131d956101	HBM482.PNPS.853	Published	True	scRNAseq-10xGenomics-v2	EXT - Human Cell Atlas	
37acb2625dbd65733a8d95069ec00f95	HBM493.GFHZ.686	Published	True	scRNAseq-10xGenomics-v2	EXT - Human Cell Atlas	
0eb5e457b4855ce28531bc97147196b6	HBM253.ZBQP.383	Published	True	scRNAseq-10xGenomics-v2	EXT - Human Cell Atlas	
e2cecf936604e667aa8df81dccec1bc7	HBM599.GLRZ.888	Published	True	scRNAseq-10xGenomics-v3	TMC - University of Connecticut	
11b3087c2796bc0694c0a8ff6bd189cd	HBM233.CCCX.767	Published	True	scRNAseq-10xGenomics-v3	TMC - University of Connecticut	
740ca3fb637ca2a80bafd05eb8d3e72a	HBM837.FPWJ.865	Published	True	scRNAseq-10xGenomics-v3	TMC - University of Connecticut	
035ba4d304de02aff6179dbc8adf8dc6	HBM743.FBJP.586	Published	True	scRNAseq-10xGenomics-v3	TMC - University of Connecticut	
f2fd5839eb68545df62be05f27df8ed7	HBM938.GJXR.224	Published	True	scRNAseq-10xGenomics-v3	TMC - University of Connecticut	
6dd798f989cff7b0bbefa30f83fa12f0	HBM756.PWKH.456	Published	True	scRNAseq-10xGenomics-v3	TMC - University of Connecticut	
b072f4cd569ee74ded545aae4fc04d84	HBM855.LCDD.636	Published	True	sciATACseq	California Institute of Technology TMC	
a6a7f2b0b419aefb6f8ffb9bfa9ce7d5	HBM275.JHWK.637	Published	True	sciATACseq	California Institute of Technology TMC	
7e4c58d746cdd5b36503a12c38974b0a	HBM952.DHTN.758	Published	True	sciATACseq	California Institute of Technology TMC	
a0df02bda8befa491f86b0d41f2810ed	HBM594.TSSQ.952	Published	True	sciATACseq	California Institute of Technology TMC	
ead5cc01250b4f9ea73dd91503c313a5	HBM448.BWHR.498	Published	True	sciATACseq	California Institute of Technology TMC	
616a1aa904dfb1299f86910db2a20fbe	HBM762.TPPN.463	Published	True	sciATACseq	California Institute of Technology TMC	
f1b9f55b12e16d1e11a5ebbd863b5787	HBM853.ZMMR.455	Published	True	sciATACseq	California Institute of Technology TMC	
6f8b8f7671c0dca3062caca5ad70dca6	HBM839.JWZL.794	Published	True	sciATACseq	California Institute of Technology TMC	
531b30993db47978336800ee1160cd52	HBM674.KVLK.564	Published	True	sciATACseq	California Institute of Technology TMC	
297ffe72553e0c6746670f684ac9626c	HBM879.JXHX.392	Published	True	sciATACseq	California Institute of Technology TMC	
bf6406f58d3bb6144b84ca16938315fa	HBM388.QBNK.395	Published	True	sciATACseq	California Institute of Technology TMC	
48da185436f006156d7e5c1941bfb147	HBM583.SKGC.358	Published	True	sciATACseq	California Institute of Technology TMC	
dd39ed081ffc887d85fc8225c71b37dc	HBM278.GBJP.459	Published	True	sciATACseq	California Institute of Technology TMC	
eb4958e8b5dd073e8a4a80bd613b2d64	HBM984.NZMN.653	Published	True	sciATACseq	California Institute of Technology TMC	
b2db3414cedf8805d20df3cf753842ca	HBM366.LRXP.529	Published	True	sciATACseq	California Institute of Technology TMC	
bf88e07da70ee088e31c7f568e41b196	HBM698.VGTP.676	Published	True	sciATACseq	California Institute of Technology TMC	
d926c41ac08f3c2ba5e61eec83e90b0c	HBM666.FFFW.363	Published	True	sciATACseq	California Institute of Technology TMC	
02dcd834808bd241a4251c730b043194	HBM429.QLFN.492	Published	True	sciATACseq	California Institute of Technology TMC	
84fee104ebfd4acb764b800395393512	HBM675.FQXK.692	Published	True	sciATACseq	California Institute of Technology TMC	
8ea82dc9f26bb2c01f19ddd19b3812b6	HBM445.LSMH.886	Published	True	sciATACseq	California Institute of Technology TMC	
fe43e2182221712260f058743edc901e	HBM389.NZZM.736	Published	True	sciATACseq	California Institute of Technology TMC	
7e39dcec932155b62e332ba7d3b18d35	HBM258.BWHR.287	Published	True	sciRNAseq	California Institute of Technology TMC	
d612208512d1c476a5efe00dde83f97e	HBM849.TWBF.722	Published	True	sciRNAseq	California Institute of Technology TMC	
394852db8fe78f70865b881d5ad40f45	HBM625.PTSS.252	Published	True	sciRNAseq	California Institute of Technology TMC	
4b0a0671bad77bc469ae000a66535f31	HBM725.RHWH.487	Published	True	sciRNAseq	California Institute of Technology TMC	
fdf26c991b398a26be1354543e54af23	HBM788.XLZL.369	Published	True	sciRNAseq	California Institute of Technology TMC	
232aac63e35e0fd4a856bb2ebf7f8d50	HBM865.KZMC.828	Published	True	sciRNAseq	California Institute of Technology TMC	
e0148e8a78bd489d9d86c7906c184920	HBM737.WSXM.893	Published	True	sciRNAseq	California Institute of Technology TMC	
a44a78bfbe0e702cdc172707b6061a16	HBM645.XLLN.924	Published	True	sciRNAseq	California Institute of Technology TMC	
42b73e4e346571372f4babe678688dfd	HBM972.VRNF.956	Published	True	sciRNAseq	California Institute of Technology TMC	
319579dab915552f4640ecf57ce13c21	HBM965.GWBH.574	Published	True	sciRNAseq	California Institute of Technology TMC	
756a0eed9508a9b96a0276b8a7a6d7e2	HBM388.ZSNN.945	Published	True	sciRNAseq	California Institute of Technology TMC	
e75d8b31cfdc5f412d3cdbc2441dc352	HBM667.ZCQC.777	Published	True	sciRNAseq	California Institute of Technology TMC	
c6a254b2dc2ed46b002500ade163a7cc	HBM965.GZHL.485	Published	False	seqFish	California Institute of Technology TMC	
bf447e198a99cb780d93437f05b2452d	HBM676.SNSW.596	Published	False	seqFish	California Institute of Technology TMC	
eaad5ed4b3aa2186bd87e05ff28b593e	HBM434.VLFT.986	Published	False	seqFish	California Institute of Technology TMC	
8f0becaf2d0eea9df67e45b8d66d69ac	HBM788.KHPF.569	Published	False	seqFish	California Institute of Technology TMC	
9046d09943f6a10b70544822de1d5752	HBM766.XTBC.899	Published	False	seqFish	California Institute of Technology TMC	
149eea2020a082ea9dd5683bdaca67c9	HBM682.TWTR.428	Published	False	seqFish	California Institute of Technology TMC	
df4571465db80f45c10bc29cf5342cde	HBM376.FRWD.797	Published	False	seqFish	California Institute of Technology TMC	
c9799ce59c4518bd243555c92c4edc21	HBM552.MSWZ.288	Published	False	seqFish	California Institute of Technology TMC	
56fd9c83a140673c1b259612a91f2bb0	HBM384.XXGK.466	Published	False	seqFish	California Institute of Technology TMC	
6a50c7252f9bbd2aaa6e51714870d2d7	HBM389.XRDV.828	Published	True	snATACseq	Stanford TMC	
7c89b7dce321a97232715b980c1f26f5	HBM667.ZWGS.745	Published	True	snATACseq	Stanford TMC	
409fabf60db9765df35df0ab98f875ba	HBM535.KPZS.733	Published	True	snATACseq	Stanford TMC	
73923ed32b8bbbe6c2b665da5cd704fb	HBM993.LPCM.624	Published	True	snATACseq	Stanford TMC	
ab1bc92be85ba60264dbee1e972c044c	HBM748.MMQM.339	Published	True	snATACseq	Stanford TMC	
6bc71af5ff714288652e6dd5fad03ddb	HBM232.XPHF.775	Published	True	snATACseq	Stanford TMC	
484c62e89ff34fc41281c131ccc09ffb	HBM398.THRG.589	Published	True	snATACseq	Stanford TMC	
1956686d45a88c099ef8384ecf9f1329	HBM442.MWFQ.639	Published	True	snATACseq	Stanford TMC	
37681097fefaf6e81a90c730f1611cc3	HBM747.VBFK.754	Published	True	snATACseq	Stanford TMC	
25f6ffb3af74781c6285537cb032044b	HBM792.GHWK.356	Published	True	snATACseq	Stanford TMC	
71a7553b868d956063065b8c3ce139cd	HBM239.CKSF.677	Published	True	snATACseq	Stanford TMC	
2882f80c0984a4cfccd2334e3af6086f	HBM372.FSCF.979	Published	True	snATACseq	Stanford TMC	
6010ee082043a9adb055ec9b37b4fc99	HBM623.PHGT.682	Published	True	snATACseq	Stanford TMC	
9305dcd562b822550c012b4c874826d5	HBM227.XCNT.648	Published	True	snATACseq	Stanford TMC	
3aa2cc682518460d6b279a084d94cfc8	HBM582.DFHH.268	Published	True	snATACseq	Stanford TMC	
51c8c96154b5a5eaab69d6e7b565a853	HBM255.JXWV.538	Published	True	snATACseq	Stanford TMC	
9c3559f50056d46105184abe93b1808c	HBM722.HPXF.559	Published	True	snATACseq	Stanford TMC	
462d21ffa95f8ac13b929b9ae97fa84c	HBM264.QCGR.632	Published	True	snATACseq	Stanford TMC	
889cc388af2a79caa599432b0d6318c5	HBM397.SHGQ.476	Published	True	snATACseq	Stanford TMC	
8ea3066683025198c4bdeed332ab526b	HBM882.HDWL.396	Published	True	snATACseq	Stanford TMC	
358bd1827276b638cdf5499b725c46d9	HBM739.KSDT.896	Published	True	snATACseq	Stanford TMC	
77f80b6c8ed9f05884edcd55e6885246	HBM357.WRHQ.827	Published	True	snATACseq	Stanford TMC	
a4a5e2be07e539c6d279d15dff56024f	HBM452.SKFP.725	Published	True	snATACseq	Stanford TMC	
f49b28c527d0e2cd077a0f0508e3caa4	HBM522.LSNV.433	Published	True	snATACseq	Stanford TMC	
f6ed30889867807d4e98ca90213bea26	HBM272.JZLF.372	Published	True	snATACseq	Stanford TMC	
f76546f9cc1384a0eeee8a68377083fb	HBM865.WSGK.682	Published	True	snATACseq	Stanford TMC	
8dd2aaa4ac8f04b5bd57b2b6a83d4a5a	HBM835.DHSZ.473	Published	True	snATACseq	Stanford TMC	
7416fb51082a52f8a44f0a2c1a26a760	HBM946.NKHN.264	Published	True	snATACseq	Stanford TMC	
e1bd7aba6bca3997c7e3a1fa864d5f1a	HBM658.RLQC.482	Published	True	snATACseq	Stanford TMC	
bd4f1b9b8d088bd183ac0b5eb509ddd3	HBM376.RMDH.899	Published	True	snATACseq	Stanford TMC	
b5542320c963e62c044bdf64200dffeb	HBM332.PGSG.277	Published	True	snATACseq	Stanford TMC	
6c8d52f0a25836e37c5e0e9701149c7c	HBM443.RQDW.442	Published	True	snATACseq	Stanford TMC	
9d0aae934f73d2adb584640a466048ea	HBM424.RQMH.756	Published	True	snATACseq	Stanford TMC	
f37a04bbcd5d50c035f85c5802a6c80e	HBM632.PMDT.978	Published	True	snATACseq	Stanford TMC	
5b231e4b873358463d5ec4d450c45af4	HBM849.QFWQ.926	Published	True	snATACseq	Stanford TMC	
b34aa1ec24b8447eee710534e26d4639	HBM453.GWNF.247	Published	True	snRNAseq-10xGenomics-v3	Stanford TMC	
63325f48a2b8ab0564617a9cf9590abb	HBM233.XQZM.395	Published	True	snRNAseq-10xGenomics-v3	Stanford TMC	
10012437067c8d88d8b797f44d14cc20	HBM655.MFTK.764	Published	True	snRNAseq-10xGenomics-v3	Stanford TMC	
555eaeb0e58682538a5bbdc2af2f9bd0	HBM659.GSQR.225	Published	True	snRNAseq-10xGenomics-v3	Stanford TMC	
c30a75c9f3188b8ee551f0382e213eeb	HBM558.BHPZ.328	Published	True	snRNAseq-10xGenomics-v3	Stanford TMC	
16fef963a9127d53bcda032160ff1402	HBM367.NSZK.788	Published	True	snRNAseq-10xGenomics-v3	Stanford TMC	
d611a7de3a07bd5b88e669ece6a8c9b0	HBM367.ZMBH.758	Published	True	snRNAseq-10xGenomics-v3	Stanford TMC	
42b9ac26846bfaa27a425ad2bec1cd94	HBM557.VZPM.253	Published	True	snRNAseq-10xGenomics-v3	Stanford TMC	
025e083e54722e695cdecdae4fb103e7	HBM949.PNXL.623	Published	True	snRNAseq-10xGenomics-v3	Stanford TMC	
d4ed311cea19bf0390f51a57730569bf	HBM987.BFBR.496	Published	True	snRNAseq-10xGenomics-v3	Stanford TMC	
63879f03276f1d5f4cfa81fb841f60d4	HBM889.DMLC.292	Published	True	snRNAseq-10xGenomics-v3	Stanford TMC	
0523eb73b97a09a4ec7397fc1906988f	HBM433.SPRB.778	Published	True	snRNAseq-10xGenomics-v3	Stanford TMC	
a14a50984e915e1d6f076c0c8a3b8712	HBM243.MXBM.589	Published	True	snRNAseq-10xGenomics-v3	Stanford TMC	
1f9e84f5306c1cc75db6018ef7c4dd9e	HBM925.FQDP.328	Published	True	snRNAseq-10xGenomics-v3	Stanford TMC	
64e3949e4a4cc433e64745204f20fe27	HBM684.SLGB.599	Published	True	snRNAseq-10xGenomics-v3	Stanford TMC	
3b3f5daa672e3cd0106b368a43ff3354	HBM657.XWQQ.636	Published	True	snRNAseq-10xGenomics-v3	Stanford TMC	
01a34636e8eeb3a842d912c80a6d0902	HBM373.FZMG.625	Published	True	snRNAseq-10xGenomics-v3	Stanford TMC	
27b0957d7c43322c272882937c0b94ea	HBM379.PCLL.836	Published	True	snRNAseq-10xGenomics-v3	Stanford TMC	
f7ca614f1282fa4e461f855dced982b8	HBM373.VTNH.683	Published	True	snRNAseq-10xGenomics-v3	Stanford TMC	
3f62a59458e0e45bfbac3af284d6a2bd	HBM879.DFQN.248	Published	True	snRNAseq-10xGenomics-v3	Stanford TMC	
8c4027a8eb765d6c27f2f08e718e830a	HBM638.CDHV.585	Published	True	snRNAseq-10xGenomics-v3	Stanford TMC	
e79b021fd60b54850cbb5bf45da1b7f5	HBM477.KVFD.827	Published	True	snRNAseq-10xGenomics-v3	Stanford TMC	
c7792716bfc42c5eae0fb4e63392523d	HBM545.QLKW.543	Published	True	snRNAseq-10xGenomics-v3	Stanford TMC	
ceffeb49ca259e17abfc828aff56390c	HBM247.JTNN.859	Published	True	snRNAseq-10xGenomics-v3	Stanford TMC	
d0da20a749142b837cb88e665721211d	HBM599.CXNC.464	Published	True	snRNAseq-10xGenomics-v3	Stanford TMC	
2e6c312200bea94f832c966850c97e18	HBM322.TNGF.859	Published	True	snRNAseq-10xGenomics-v3	Stanford TMC	
d0d78e336b44bdd16c16bddb646de88e	HBM745.GCNN.553	Published	True	snRNAseq-10xGenomics-v3	Stanford TMC	
4f20058fbdca73ddbf8a0fe4e7553fca	HBM439.LWSZ.467	Published	True	snRNAseq-10xGenomics-v3	Stanford TMC	
73f3863fe703f4d303809907d474ec90	HBM346.LSFW.324	Published	True	snRNAseq-10xGenomics-v3	Stanford TMC	
6fe00b07bb06a5bfbb5ed72932606ec3	HBM569.FMVR.429	Published	True	snRNAseq-10xGenomics-v3	Stanford TMC	
a7c8b90ce69d5f4af3bb69d1c4d88141	HBM892.VLVC.242	Published	True	snRNAseq-10xGenomics-v3	Stanford TMC	
02a6e7da940786a38256900fab831423	HBM399.GZRJ.726	Published	True	snRNAseq-10xGenomics-v3	Stanford TMC	
0c36dd5c4e727cfd2efd806138268731	HBM487.WJST.938	Published	True	snRNAseq-10xGenomics-v3	Stanford TMC	
d5dd96696e53ff1c1f8df8b421531d87	HBM354.FMKQ.822	Published	True	snRNAseq-10xGenomics-v3	Stanford TMC	
986c769e5fe01c550b75e461a4fe8891	HBM958.VZLG.297	Published	True	snRNAseq-10xGenomics-v3	Stanford TMC	
c229933621ef4017e2e6d5352e1f40f0	HBM324.MKDC.693	Published	True	snRNAseq-10xGenomics-v3	Stanford TMC	
568112d77af9a5a82cf4f4a4195fd3cc	HBM433.GBLD.944	Published	True	Slide-seq	Broad Institute RTI	
21cfe0f6c3368b06237716a6b48f5825	HBM554.DHLV.735	Published	True	Slide-seq	Broad Institute RTI	
1e9014699d8452a281588dc4d2515d1a	HBM337.GJHZ.665	Published	True	Slide-seq	Broad Institute RTI	
9666a870c6824d1c9493fbf78b607aa3	HBM497.FKCS.478	Published	True	Slide-seq	Broad Institute RTI	
490f1116f9f13ad4c26f07cad8011553	HBM272.KQDJ.873	Published	True	Slide-seq	Broad Institute RTI	
410d5aa19fb98abaef973a280894b31a	HBM684.XVPK.336	Published	True	Slide-seq	Broad Institute RTI	
9afff9845dc1be5b76850ae6a4d22027	HBM896.WHQZ.399	Published	True	Slide-seq	Broad Institute RTI	
d9b43585124c9872131c951a815d2ab1	HBM489.LPCX.978	Published	True	Slide-seq	Broad Institute RTI	
12cc2c41d0669ab1067a0c1f52c06144	HBM847.GZGD.668	Published	True	Slide-seq	Broad Institute RTI	
004f4b7e41ca0a6733e64792a3126513	HBM427.RVVD.276	Published	True	Slide-seq	Broad Institute RTI	
c50093802e7d31ff8c884440d95a5271	HBM336.GKJN.639	Published	True	Slide-seq	Broad Institute RTI	
b3d907a4b8a19e79fe095410bdee30ea	HBM488.GXLS.689	Published	True	Slide-seq	Broad Institute RTI	
5375b8c6a773017052517bfdc0e042cc	HBM832.WWZH.575	Published	True	Slide-seq	Broad Institute RTI	
357c2f00be8e423df10bb2f8c33acfc6	HBM754.SJMP.486	Published	True	Slide-seq	Broad Institute RTI	
4e5fa1b5fb6554e9e91d56750716d731	HBM586.QXWD.492	Published	True	Slide-seq	Broad Institute RTI	
78921a68236f92d654904844051dd4bb	HBM874.WGDB.764	Published	True	Slide-seq	Broad Institute RTI	
335b1b3960f1c82a357fa265fc427c64	HBM797.HSMJ.596	Published	True	Slide-seq	Broad Institute RTI	
8202c422e936074aae7c47f5549f7e39	HBM346.CSWK.388	Published	True	Slide-seq	Broad Institute RTI	
cf31f5390569737fc1a85a57752eff67	HBM956.NKKJ.646	Published	True	Slide-seq	Broad Institute RTI	
a92aab96145d181dafcd9039c5255737	HBM387.KXLD.867	Published	True	Slide-seq	Broad Institute RTI	
b5387a565365d5e943d444917f8c9661	HBM246.PZPG.573	Published	True	Slide-seq	Broad Institute RTI	
49da1b0446f9d2533f7c74b7b1ec6754	HBM499.GPFC.894	Published	True	Slide-seq	Broad Institute RTI	
f7fc9881f65e874c6d0683112bd27a74	HBM537.VLPL.734	Published	True	Slide-seq	Broad Institute RTI	
77c4620cac87b7b943402744899270b8	HBM258.RBCM.393	Published	True	Slide-seq	Broad Institute RTI	
a2ed51760e451afe1293754f62c00733	HBM364.JRNL.422	Published	True	Slide-seq	Broad Institute RTI	
181acc92a66264127a0c2696c3f91875	HBM929.QBMH.668	Published	True	Slide-seq	Broad Institute RTI	
4588adc063de83b1d8e487ebc300f87c	HBM226.QHVG.797	Published	True	Slide-seq	Broad Institute RTI	
74c2dc4a46ea54e64287d80d04d15959	HBM973.XRLR.365	Published	True	Slide-seq	Broad Institute RTI	
e1e4148e3951bc35222790dc1352f01c	HBM699.CHMK.457	Published	True	Slide-seq	Broad Institute RTI	
2fc79a0ddab0e95d5935b3234f5cf372	HBM543.DWSW.978	Published	True	Slide-seq	Broad Institute RTI	
d3e8350bdcc7a5851deb22045c3af31a	HBM348.FXGT.728	Published	True	Slide-seq	Broad Institute RTI	
69b3d856a476114c1819287d0d688387	HBM969.VBPS.239	Published	True	Slide-seq	Broad Institute RTI	
7654bacb99511aaaa669bf4e623b5baf	HBM876.NMKV.392	Published	True	Slide-seq	Broad Institute RTI	
81090ae60d3b903dfb5b3e6f461dc96c	HBM786.LZQZ.242	Published	True	Slide-seq	Broad Institute RTI	
5f7d905113c9a136104e55d7298b2eea	HBM464.KHSK.927	Published	True	Slide-seq	Broad Institute RTI	
2f760ca9404f7409746e74594d1807b5	HBM247.GGHT.658	Published	True	Slide-seq	Broad Institute RTI	
49c9f0e6a142a12553afaa3dd1ac6aa9	HBM237.KGFH.483	Published	True	Slide-seq	Broad Institute RTI	
d83c1b1f194bfd33a8f0110e1b9e8ab9	HBM277.WQXZ.332	Published	False	TMT-LC-MS	Stanford TMC	
d7fa7f03af4d8ee669d57c57209393bb	HBM477.MNQW.845	Published	False	TMT-LC-MS	Stanford TMC	
517539cee7b8ea5909150998f5486a17	HBM653.SPBN.555	Published	True	WGS	Stanford TMC	
71256e28c1393f391385a21ab14f78f6	HBM233.GVDL.962	Published	True	WGS	Stanford TMC	
ae48077b3dad3d05960a7b9c0fd839e8	HBM522.WKQN.772	Published	True	WGS	Stanford TMC	
e7a783ee9f03856a9d214625e66bf06d	HBM368.BMZL.342	Published	True	WGS	Stanford TMC	
5c9b7babf1f5e461efa9499115c310a9	HBM725.ZXDG.482	Published	True	WGS	Stanford TMC	
d6a5239b41706a869f07d9e9cdd6ffa4	HBM596.PZBR.726	Published	True	WGS	Stanford TMC	
a26599854b9cd9b89366513db25c0b7c	HBM398.JXVV.636	Published	True	WGS	Stanford TMC	
3acdb3ed962b2087fbe325514b098101	HBM534.XNJK.939	Published	True	WGS	Stanford TMC	
82150e010787314cb260d19a271c6a1a	HBM669.FBKC.238	Published	True	WGS	Stanford TMC	
63495a0c6f833359218e7c7f991746ab	HBM999.NRRQ.328	Published	True	WGS	Stanford TMC	
e98c4c802f823ffa1b49b6f8698320ef	HBM438.NJKG.575	Published	True	WGS	Stanford TMC	
d9d4762c8639fe76553c81ce159b3e45	HBM254.SXCB.872	Published	True	WGS	Stanford TMC	
0186092a96f773bafb62721eb4399c6b	HBM577.NRCL.952	Published	True	WGS	Stanford TMC	
c3fa09a6a84e40730bb3948ea733b3e9	HBM393.DSCC.392	Published	True	WGS	Stanford TMC	
d859a8c563558b7db0b73c6170ad84fd	HBM893.LCWM.423	Published	True	WGS	Stanford TMC	
166ea9ac6dbfa53966c60176b92d35ca	HBM243.QRKL.558	Published	True	WGS	Stanford TMC	
0b10c4d5df6cb25fa12a67f7e72580ab	HBM848.VLZL.329	Published	True	WGS	Stanford TMC	
b6ca91549e0e78caeb56201a88469efb	HBM322.RKXM.874	Published	False	LC-MS	Stanford TMC	
523965a112c67320c13745524daf49bf	HBM662.GPFP.539	Published	False	LC-MS	Stanford TMC	
a623ff25be3a93a7c0359b4d5e24a599	HBM657.XWTH.877	Published	False	LC-MS	Stanford TMC	
7f9f50e179d33f10461676e957b32d4f	HBM436.VWQC.266	Published	False	LC-MS	Stanford TMC	
93a7f14138e7da424eee938e1f0f00d8	HBM545.BLFV.957	Published	False	LC-MS	Stanford TMC	
78c3b443b34f58b6814d7e42cf79ffb0	HBM833.MJCB.275	Published	False	LC-MS	Stanford TMC	
9e05a10aada2453e65d31cb15d1fc8a0	HBM964.SWGQ.824	Published	False	LC-MS	Stanford TMC	
02bb10b41609c23409b77be427e4dc45	HBM247.RNRR.586	Published	False	LC-MS	Stanford TMC	
6b0c3cc833e16488c5fe51ec2adbef17	HBM793.VCPJ.246	Published	False	LC-MS	Stanford TMC	
b449bd94ba1498ba8501d419eb985f51	HBM786.DFVF.754	Published	False	LC-MS	Stanford TMC	
5ce0c7057fc4368eb4e702533ca12d22	HBM363.HBGD.568	Published	False	LC-MS	Stanford TMC	
70a7c1ca60b687b780de65f155a14cce	HBM472.RGBR.794	Published	False	LC-MS	Stanford TMC	
acf990fda01d0779884c62ce921a7494	HBM528.JBWT.682	Published	False	LC-MS	Stanford TMC	
5192f045867ce517d4c2d98b4d6288ee	HBM693.GQNV.772	Published	False	LC-MS	Stanford TMC	
688efaab879cf2a0566d1d1fe2ca663a	HBM875.HTJL.927	Published	False	LC-MS	Stanford TMC	
78995cc692cd03dbefc0c9bd54551c1b	HBM268.XTHS.738	Published	False	LC-MS	Stanford TMC	
13fe014db62885655da9fa80535f6e64	HBM447.RHLH.225	Published	False	LC-MS	Stanford TMC	
dba94653e55bd0bee91458f5069e5854	HBM522.KSXQ.785	Published	False	LC-MS	Stanford TMC	
400557a6eaa81a53f225099d591044a7	HBM678.RQXR.362	Published	False	LC-MS	Stanford TMC	
1d266e247805145bc11d18723921d243	HBM476.KPZR.337	Published	False	LC-MS	Stanford TMC	
5b6a0834ae89df3ddc5a09d28dcd2226	HBM767.KLJT.878	Published	False	LC-MS	Stanford TMC	
86c5f68ae891b72357791a0de0a3308a	HBM384.KHNQ.598	Published	False	LC-MS	Stanford TMC	
8ce03670137bd0f4e11fc66295254ccd	HBM585.HDBX.937	Published	False	LC-MS	Stanford TMC	
189175f177efe332555ccae3f6268249	HBM887.VLVK.246	Published	False	LC-MS	Stanford TMC	
d973a70493040d827b48c0507e8583d9	HBM582.WMNG.697	Published	False	LC-MS	Stanford TMC	
24ae71286797caf4cafb34107ca59c69	HBM458.HGWZ.997	Published	False	LC-MS	Stanford TMC	
d66100e0c60a2006149a7ae25ceb9976	HBM587.SCQP.845	Published	False	LC-MS	Stanford TMC	
021da50cc5ac86fa2f8e922c9057cff4	HBM895.DDXX.282	Published	False	LC-MS	Stanford TMC	
57f5dac52b0f95c95d231092678fe3f2	HBM427.ZHQM.724	Published	False	LC-MS	Stanford TMC	
b3f41a275f19a0ab14ecfedd6e36e8d4	HBM472.JBTD.782	Published	False	LC-MS	Stanford TMC	
9b0f3151cf989d11800680eab120541a	HBM935.SFGK.683	Published	False	LC-MS	Stanford TMC	
b3cd200b6f7a9061e8b7bd6042d63bd3	HBM947.XPXC.788	Published	False	LC-MS	Stanford TMC	
d83c1b1f194bfd33a8f0110e1b9e8ab9	HBM277.WQXZ.332	Published	False	TMT-LC-MS	Stanford TMC	
d7fa7f03af4d8ee669d57c57209393bb	HBM477.MNQW.845	Published	False	TMT-LC-MS	Stanford TMC	
5b77e41cae48f02ba8bc358795a078b4	HBM264.LNQW.373	Published	False	LC-MS Bottom-Up	Vanderbilt TMC	
ab27f3bda035e68b6df9edd84a860d9b	HBM234.FFHQ.425	Published	False	LC-MS Bottom-Up	Vanderbilt TMC	
36cfbc4e95abbfa9c43ccbc7d9951950	HBM344.HKXT.423	Published	False	LC-MS Bottom-Up	Vanderbilt TMC	
96cf9f5d33a48e7e61e1ee00ad282b8a	HBM952.RNFS.983	Published	False	LC-MS Bottom-Up	Vanderbilt TMC	
9e9ccb2dd633440df0b8ec966f28edb6	HBM787.FMCW.347	Published	False	LC-MS Bottom-Up	Vanderbilt TMC	
2c00130ea77e93aaaf7362b566bc454e	HBM355.VDXT.245	Published	False	LC-MS Bottom-Up	Vanderbilt TMC	
b699132d500b27addfe1349729129121	HBM668.JLFW.397	Published	False	LC-MS Bottom-Up	Vanderbilt TMC	
e97f07695e7c14e25caea0ebf54870c7	HBM938.FRHG.524	Published	False	LC-MS Bottom-Up	Vanderbilt TMC	
9d5698266ed4f019a7dbe5dae224a293	HBM449.SKWJ.362	Published	False	LC-MS Bottom-Up	Vanderbilt TMC	
e075fde11ad2d20a7e164744001a40ab	HBM829.WPMT.279	Published	False	LC-MS Bottom-Up	Vanderbilt TMC	
15ec310a304e1d4891cd33f4bc4cb197	HBM726.VXBQ.393	Published	False	LC-MS Bottom-Up	Vanderbilt TMC	
9c4fa632bd097331cd36cdee6af3882f	HBM435.MKRV.485	Published	False	LC-MS Bottom-Up	Vanderbilt TMC	
1789590e753b67b472fd1cf786717d7f	HBM748.GPDM.692	Published	False	LC-MS Bottom-Up	Vanderbilt TMC	
489a9c1c01dcacb035ad1c71acf800d8	HBM276.ZMTV.784	Published	False	LC-MS Bottom-Up	Vanderbilt TMC	
a6a2fca893c7fd1b278ae8d018d28309	HBM695.BJZM.557	Published	False	LC-MS Bottom-Up	Vanderbilt TMC	
af8e5c3a7f66a105e8e19aba8a6fc6e3	HBM348.TLKL.662	Published	False	LC-MS Bottom-Up	Vanderbilt TMC	
48ca66f487e345342eda4972e0d639c6	HBM569.KMPP.778	Published	False	LC-MS Bottom-Up	Vanderbilt TMC	
43326f3efb14c4f5f0a0b04bf1ab37d8	HBM793.KFWG.238	Published	False	LC-MS Bottom-Up	Vanderbilt TMC	
02bd0196bab8c3978693d63539269700	HBM864.HFST.567	Published	False	MS	Stanford TMC	
e957018ade5a1586060ee5bc3defa1b9	HBM224.DLMP.923	Published	False	MS	Stanford TMC	
0d15ee98a8fd0aacac6f43197ca1fb15	HBM498.BDMM.362	Published	False	MS	Stanford TMC	
02a48d4d05c08260d905fef8139746d4	HBM462.KVWC.334	Published	False	MS	Stanford TMC	
ea48629bd9ddbf461f2e746c6a0b9ce3	HBM498.KXMR.565	Published	False	MS	Stanford TMC	
f92a933da30d4bb3a4f8d031f2bc5d3d	HBM873.RGWW.444	Published	False	MS	Stanford TMC	
74a2deca3ac29b45392d7e2e39c2024e	HBM233.DDWS.858	Published	False	MS	Stanford TMC	
802dd34d3d3a8437479668f0a1fd4477	HBM953.VVQN.686	Published	False	MS	Stanford TMC	
b6ca91549e0e78caeb56201a88469efb	HBM322.RKXM.874	Published	False	LC-MS	Stanford TMC	
523965a112c67320c13745524daf49bf	HBM662.GPFP.539	Published	False	LC-MS	Stanford TMC	
a623ff25be3a93a7c0359b4d5e24a599	HBM657.XWTH.877	Published	False	LC-MS	Stanford TMC	
7f9f50e179d33f10461676e957b32d4f	HBM436.VWQC.266	Published	False	LC-MS	Stanford TMC	
93a7f14138e7da424eee938e1f0f00d8	HBM545.BLFV.957	Published	False	LC-MS	Stanford TMC	
78c3b443b34f58b6814d7e42cf79ffb0	HBM833.MJCB.275	Published	False	LC-MS	Stanford TMC	
9e05a10aada2453e65d31cb15d1fc8a0	HBM964.SWGQ.824	Published	False	LC-MS	Stanford TMC	
02bb10b41609c23409b77be427e4dc45	HBM247.RNRR.586	Published	False	LC-MS	Stanford TMC	
6b0c3cc833e16488c5fe51ec2adbef17	HBM793.VCPJ.246	Published	False	LC-MS	Stanford TMC	
b449bd94ba1498ba8501d419eb985f51	HBM786.DFVF.754	Published	False	LC-MS	Stanford TMC	
5ce0c7057fc4368eb4e702533ca12d22	HBM363.HBGD.568	Published	False	LC-MS	Stanford TMC	
70a7c1ca60b687b780de65f155a14cce	HBM472.RGBR.794	Published	False	LC-MS	Stanford TMC	
5b6a0834ae89df3ddc5a09d28dcd2226	HBM767.KLJT.878	Published	False	LC-MS	Stanford TMC	
86c5f68ae891b72357791a0de0a3308a	HBM384.KHNQ.598	Published	False	LC-MS	Stanford TMC	
8ce03670137bd0f4e11fc66295254ccd	HBM585.HDBX.937	Published	False	LC-MS	Stanford TMC	
189175f177efe332555ccae3f6268249	HBM887.VLVK.246	Published	False	LC-MS	Stanford TMC	
688efaab879cf2a0566d1d1fe2ca663a	HBM875.HTJL.927	Published	False	LC-MS	Stanford TMC	
78995cc692cd03dbefc0c9bd54551c1b	HBM268.XTHS.738	Published	False	LC-MS	Stanford TMC	
acf990fda01d0779884c62ce921a7494	HBM528.JBWT.682	Published	False	LC-MS	Stanford TMC	
5192f045867ce517d4c2d98b4d6288ee	HBM693.GQNV.772	Published	False	LC-MS	Stanford TMC	
1d266e247805145bc11d18723921d243	HBM476.KPZR.337	Published	False	LC-MS	Stanford TMC	
13fe014db62885655da9fa80535f6e64	HBM447.RHLH.225	Published	False	LC-MS	Stanford TMC	
dba94653e55bd0bee91458f5069e5854	HBM522.KSXQ.785	Published	False	LC-MS	Stanford TMC	
400557a6eaa81a53f225099d591044a7	HBM678.RQXR.362	Published	False	LC-MS	Stanford TMC	
d973a70493040d827b48c0507e8583d9	HBM582.WMNG.697	Published	False	LC-MS	Stanford TMC	
24ae71286797caf4cafb34107ca59c69	HBM458.HGWZ.997	Published	False	LC-MS	Stanford TMC	
d66100e0c60a2006149a7ae25ceb9976	HBM587.SCQP.845	Published	False	LC-MS	Stanford TMC	
021da50cc5ac86fa2f8e922c9057cff4	HBM895.DDXX.282	Published	False	LC-MS	Stanford TMC	
57f5dac52b0f95c95d231092678fe3f2	HBM427.ZHQM.724	Published	False	LC-MS	Stanford TMC	
b3f41a275f19a0ab14ecfedd6e36e8d4	HBM472.JBTD.782	Published	False	LC-MS	Stanford TMC	
9b0f3151cf989d11800680eab120541a	HBM935.SFGK.683	Published	False	LC-MS	Stanford TMC	
b3cd200b6f7a9061e8b7bd6042d63bd3	HBM947.XPXC.788	Published	False	LC-MS	Stanford TMC	
d83c1b1f194bfd33a8f0110e1b9e8ab9	HBM277.WQXZ.332	Published	False	TMT-LC-MS	Stanford TMC	
d7fa7f03af4d8ee669d57c57209393bb	HBM477.MNQW.845	Published	False	TMT-LC-MS	Stanford TMC	
5b77e41cae48f02ba8bc358795a078b4	HBM264.LNQW.373	Published	False	LC-MS Bottom-Up	Vanderbilt TMC	
ab27f3bda035e68b6df9edd84a860d9b	HBM234.FFHQ.425	Published	False	LC-MS Bottom-Up	Vanderbilt TMC	
36cfbc4e95abbfa9c43ccbc7d9951950	HBM344.HKXT.423	Published	False	LC-MS Bottom-Up	Vanderbilt TMC	
96cf9f5d33a48e7e61e1ee00ad282b8a	HBM952.RNFS.983	Published	False	LC-MS Bottom-Up	Vanderbilt TMC	
9e9ccb2dd633440df0b8ec966f28edb6	HBM787.FMCW.347	Published	False	LC-MS Bottom-Up	Vanderbilt TMC	
2c00130ea77e93aaaf7362b566bc454e	HBM355.VDXT.245	Published	False	LC-MS Bottom-Up	Vanderbilt TMC	
b699132d500b27addfe1349729129121	HBM668.JLFW.397	Published	False	LC-MS Bottom-Up	Vanderbilt TMC	
e97f07695e7c14e25caea0ebf54870c7	HBM938.FRHG.524	Published	False	LC-MS Bottom-Up	Vanderbilt TMC	
9d5698266ed4f019a7dbe5dae224a293	HBM449.SKWJ.362	Published	False	LC-MS Bottom-Up	Vanderbilt TMC	
e075fde11ad2d20a7e164744001a40ab	HBM829.WPMT.279	Published	False	LC-MS Bottom-Up	Vanderbilt TMC	
9c4fa632bd097331cd36cdee6af3882f	HBM435.MKRV.485	Published	False	LC-MS Bottom-Up	Vanderbilt TMC	
15ec310a304e1d4891cd33f4bc4cb197	HBM726.VXBQ.393	Published	False	LC-MS Bottom-Up	Vanderbilt TMC	
a6a2fca893c7fd1b278ae8d018d28309	HBM695.BJZM.557	Published	False	LC-MS Bottom-Up	Vanderbilt TMC	
af8e5c3a7f66a105e8e19aba8a6fc6e3	HBM348.TLKL.662	Published	False	LC-MS Bottom-Up	Vanderbilt TMC	
48ca66f487e345342eda4972e0d639c6	HBM569.KMPP.778	Published	False	LC-MS Bottom-Up	Vanderbilt TMC	
43326f3efb14c4f5f0a0b04bf1ab37d8	HBM793.KFWG.238	Published	False	LC-MS Bottom-Up	Vanderbilt TMC	
1789590e753b67b472fd1cf786717d7f	HBM748.GPDM.692	Published	False	LC-MS Bottom-Up	Vanderbilt TMC	
489a9c1c01dcacb035ad1c71acf800d8	HBM276.ZMTV.784	Published	False	LC-MS Bottom-Up	Vanderbilt TMC	
9e8ae39dfdcd3d41495d860d6fa7629e	HBM984.PSPF.676	Published	False	LC-MS_top_down	Northwestern RTI	
b858e7c5df8194edc914fec6c3d2d941	HBM446.BSSN.562	Published	False	LC-MS_top_down	Northwestern RTI	
7f1fd7b9c8c3745fcab037a2fa37f5b9	HBM232.VMCT.877	Published	False	LC-MS_top_down	Northwestern RTI	
b4aff6dc9852255b800786759291ec51	HBM755.LRFS.688	Published	False	LC-MS_top_down	Northwestern RTI	
d7abd52f93203c91a63bd9060e1b3012	HBM857.DKPM.277	Published	False	LC-MS_top_down	Northwestern RTI	
806189553bd5de42facdc178f9727f45	HBM454.BNCC.556	Published	False	LC-MS_top_down	Northwestern RTI	
d1e29bf7808a8daf6be8f555cd24eb9f	HBM348.TWWB.352	Published	False	LC-MS_top_down	Northwestern RTI	
e2b14765979a7ce3739ef351206c6b9c	HBM247.LBFP.935	Published	False	LC-MS_top_down	Northwestern RTI	
61df0bd2e6ac362380910bec92890f00	HBM454.FVCQ.632	Published	False	LC-MS_top_down	Northwestern RTI	
94a8518b5fe7fa57cebaf362e716bb0b	HBM648.QVGL.995	Published	False	LC-MS_top_down	Northwestern RTI	
9e8ae39dfdcd3d41495d860d6fa7629e	HBM984.PSPF.676	Published	False	LC-MS_top_down	Northwestern RTI	
b858e7c5df8194edc914fec6c3d2d941	HBM446.BSSN.562	Published	False	LC-MS_top_down	Northwestern RTI	
b4aff6dc9852255b800786759291ec51	HBM755.LRFS.688	Published	False	LC-MS_top_down	Northwestern RTI	
7f1fd7b9c8c3745fcab037a2fa37f5b9	HBM232.VMCT.877	Published	False	LC-MS_top_down	Northwestern RTI	
d7abd52f93203c91a63bd9060e1b3012	HBM857.DKPM.277	Published	False	LC-MS_top_down	Northwestern RTI	
d1e29bf7808a8daf6be8f555cd24eb9f	HBM348.TWWB.352	Published	False	LC-MS_top_down	Northwestern RTI	
806189553bd5de42facdc178f9727f45	HBM454.BNCC.556	Published	False	LC-MS_top_down	Northwestern RTI	
e2b14765979a7ce3739ef351206c6b9c	HBM247.LBFP.935	Published	False	LC-MS_top_down	Northwestern RTI	
61df0bd2e6ac362380910bec92890f00	HBM454.FVCQ.632	Published	False	LC-MS_top_down	Northwestern RTI	
94a8518b5fe7fa57cebaf362e716bb0b	HBM648.QVGL.995	Published	False	LC-MS_top_down	Northwestern RTI	
